COD_TIPO,COD_BE,NOMBRE50,NOMBRE105,CODIGOCIF,SIGLAVIA,NOMBREVIA,NUMEROVIA,RESTODOM,CODPOSTAL,POBLACION,PROVINCIA,CODPAIS,TELEFONO,NUMFAX,DIRINTERNET,CODPROV,NOMCOMERCIAL,INDICATIVONC,BIC,COD_AUTONOMIA,NOMBRE35,ANAGRAMA,DIRECCION
EFC,4706,"CATERPILLAR FINANCIAL CORP.FINAN., S.A.E.F.C.","CATERPILLAR FINANCIAL CORPORACION FINANCIERA, SOCIEDAD ANONIMA ESTABLECIMIENTO FINANCIERO CREDITO",A28125805,,VIA DE LAS DOS CASTILLAS,33,"EDIF. ATICA, 6, PL.4",28224,POZUELO DE ALARCON,MADRID,ES,914951300,913522609,,28,,N,,12,CATERPILLAR FINANCIAL CORP. FINAN.,CATERPILLAR,"VIA DE LAS DOS CASTILLAS, 33 EDIF. ATICA, 6, PL.4"
EFC,4713,"LICO LEASING, S.A., E.F.C.","LICO LEASING, S.A., ESTABLECIMIENTO FINANCIERO DE CREDITO",A28167799,CL,MIGUEL ANGEL,23,,28010,MADRID,,ES,917003600,913100900,WWW.LICO.ES,28,,N,,12,"LICO LEASING, S.A., E.F.C.",LICO LEASING,"CL. MIGUEL ANGEL, 23"
EFC,4784,"TRANSOLVER FINANCE, E.F.C., S.A.","TRANSOLVER FINANCE, ESTABLECIMIENTO FINANCIERO DE CREDITO, S.A.",A78388600,AV,ARAGON,402,,28022,MADRID,,ES,913252271,915665555,,28,,N,,12,"TRANSOLVER FINANCE, E.F.C., S.A.",TRANSOLVER,"AV. ARAGON, 402"
EFC,4797,"SANTANDER LEASE, S.A. E.F.C.","SANTANDER LEASE, S.A. ESTABLECIMIENTO FINANCIERO DE CREDITO",A78475209,AV,DE CANTABRIA,S/N,CIUDAD GR. SANTANDER,28660,BOADILLA DEL MONTE,MADRID,ES,912890399,912571281,WWW.BANSALEASE.COM,28,,N,,12,"SANTANDER LEASE, S.A. E.F.C.",SANTANDER LEASE,"AV. DE CANTABRIA, S/N CIUDAD GR. SANTANDER"
EFC,4799,"MERCEDES-BENZ FINANCIAL SERVICES ESPAÑA E.F.C.,S.A","MERCEDES-BENZ FINANCIAL SERVICES ESPAÑA E.F.C., S.A.",A78510260,AV,DE BRUSELAS,30,PG.ARROYO DE LA VEGA,28108,ALCOBENDAS,MADRID,ES,917212800,917210880,,28,,N,,12,"MERCEDES-BENZ FINA. SERV. ESP. EFC,",MERCEDES EFC,"AV. DE BRUSELAS, 30 PG.ARROYO DE LA VEGA"
EFC,4819,"BANCANTABRIA INVERSIONES, S.A., E.F.C.","BANCANTABRIA INVERSIONES, S.A., E.F.C.",A78654886,CL,CASTELAR,21,PL. 1,39004,SANTANDER,CANTABRIA,ES,942363234,942214346,WWW.BANCANTABRIA.COM,39,,N,,6,"BANCANTABRIA INVERSIONES, SA, EFC.",BANCANTABRIA,"CL. CASTELAR, 21 PL. 1"
EFC,4832,"IBERCAJA LEASING Y FINANCIACION, S.A., E.F.C.","IBERCAJA LEASING Y FINANCIACION, S.A., ESTABLECIMIENTO FINANCIERO DE CREDITO",A50219807,PS,CONSTITUCION,4,,50008,ZARAGOZA,,ES,976231609,976232436,,50,,N,,2,IBERCAJA LEASING Y FINANCIACION,IBERCAJA LEASIN,"PS. CONSTITUCION, 4"
EFC,4838,"SA NOSTRA DE INVERSIONES, E.F.C., S.A.","SA NOSTRA DE INVERSIONES, ESTABLECIMIENTO FINANCIERO DE CREDITO, S.A.",A07292915,CL,RAMON LLULL,2,,07001,PALMA DE MALLORCA,ILLES BALEARS,ES,971228432,971228452,,07,,N,,4,"SA NOSTRA DE INVERSIONES,E.F.C., SA",SA NOSTRA EFC,"CL. RAMON LLULL, 2"
EFC,8211,"BANSABADELL FINANCIACION E.F.C., S.A.","BANSABADELL FINANCIACION E.F.C., S.A.",A58039553,PZ,CATALUNYA,1,PL. 4,08201,SABADELL,BARCELONA,ES,937289289,937262689,,08,,N,,9,"BANSABADELL FINANCIACION EFC, SA",BANSABADELLFIN,"PZ. CATALUNYA, 1 PL. 4"
EFC,8233,"CELERIS SERVICIOS FINANCIEROS, S.A., E.F.C.","CELERIS SERVICIOS FINANCIEROS, S.A., E.F.C.",A79245544,CL,JUAN ESPLANDIU,13,PL. C-1,28007,MADRID,,ES,912161000,912161190,WWW.GRUPOCELERIS.COM,28,,N,CSFAESM1XXX,12,"CELERIS SERVICIOS FINANCIEROS, SA,",CELERIS,"CL. JUAN ESPLANDIU, 13 PL. C-1"
EFC,8308,"FINANCIERA CARRION, S.A., E.F.C.","FINANCIERA CARRION, S.A., ESTABLECIMIENTO FINANCIERO DE CREDITO, E.F.C.",A28216778,PS,PINTOR ROSALES,4,,28008,MADRID,,ES,915419833,915419831,,28,FINANCA,S,,12,"FINANCIERA CARRION, S.A., E.F.C.",FINANCA,"PS. PINTOR ROSALES, 4"
EFC,8524,"MONTJUICH EF E.F.C., S.A.","MONTJUICH EF ESTABLECIMIENTO FINANCIERO DE CREDITO, S.A.",A08229544,CL,SAN JUAN DE LA SALLE,10-12,BAJO - B,08022,BARCELONA,,ES,934181699,934170421,,08,,N,,9,"MONTJUICH EF E.F.C., S.A.",MONTJUICH,"CL. SAN JUAN DE LA SALLE, 10-12 BAJO - B"
EFC,8596,"UNION CTO. FIN. MOB. INMOB. CREDIFIMO, E.F.C. S.A.","UNION DE CREDITO PARA LA FINANCIACION MOBILIARIA E INMOBILIARIA, CREDIFIMO, E.F.C. S.A",A28371292,PS,DE RECOLETOS,27,,28004,MADRID,,ES,915632893,915644112,WWW.CREDIFIMO.ES,28,CREDIFIMO,S,,12,UNION CTO. FIN. MOB. INM. CREDIFIMO,CREDIFIMO,"PS. DE RECOLETOS, 27"
EFC,8620,"PASTOR SERVICIOS FINANCIEROS, E.F.C., S.A.","PASTOR SERVICIOS FINANCIEROS, ESTABLECIMIENTO FINANCIERO DE CREDITO, S.A.",A28197036,CL,CANTON PEQUEÑO,1,,15003,A CORUÑA,,ES,981779280,981779290,WWW.PASTORSERFIN.COM,15,,N,,11,PASTOR SERVICIOS FINANCIEROS,PASTOR SERFIN,"CL. CANTON PEQUEÑO, 1"
EFC,8640,"FGA CAPITAL SPAIN, E.F.C., S.A.","FGA CAPITAL SPAIN, ESTABLECIMIENTO FINANCIERO DE CREDITO, S.A.",A28655348,CR,M-300,"KM. 28,500",,28802,ALCALA DE HENARES,MADRID,ES,918853446,918852606,,28,,N,,12,"FGA CAPITAL SPAIN, E.F.C., S.A.",FGA CAPITAL SPA,"CR. M-300, KM. 28,500"
EFC,8776,"FINCONSUM, E.F.C., S.A.","FINCONSUM, ESTABLECIMIENTO FINANCIERO DE CREDITO, S.A.",A08980153,,GRAN VIA CARLOS III,87,,08028,BARCELONA,,ES,934048610,933301853,WWW.CREDISTAR.COM,08,,N,,9,"FINCONSUM, E.F.C., S.A.",FINCONSUM,"GRAN VIA CARLOS III, 87"
EFC,8788,"FINANCIACAIXA 2, E.F.C., S.A.","FINANCIACAIXA 2, ESTABLECIMIENTO FINANCIERO DE CREDITO, S.A.",A58513318,AV,DIAGONAL,621-629,PL. 12,08028,BARCELONA,,ES,934197409,934199093,,08,,N,,9,"FINANCIACAIXA 2, E.F.C., S.A.",FINANCIACAIXA 2,"AV. DIAGONAL, 621-629 PL. 12"
EFC,8795,"SERVICIOS FINANCIEROS CARREFOUR, E.F.C., S.A.","SERVICIOS FINANCIEROS CARREFOUR, ESTABLECIMIENTO FINANCIERO DE CREDITO, S.A.",A79456232,CL,JUAN ESPLANDIU,11,,28007,MADRID,,ES,913891500,914097050,WWW.CARREFOUR.ES,28,,N,,12,"SERVICIOS FINANCIEROS CARREFOUR,EFC",CARREFOUR,"CL. JUAN ESPLANDIU, 11"
EFC,8798,"EURO CREDITO E.F.C., S.A.","EURO CREDITO ESTABLECIMIENTO FINANCIERO DE CREDITO, S.A.",A79860508,CL,RETAMA,3,,28045,MADRID,,ES,913370700,915289373,WWW.EUROCREDITO.ES,28,,N,,12,"EURO CREDITO E.F.C., S.A.",EUROCREDITO,"CL. RETAMA, 3"
EFC,8815,"FINANDIA E.F.C., S.A.","FINANDIA E.F.C., S.A.",A83105494,CL,JACINTO BENAVENTE,2-A,EDIFICIO TRIPARK,28232,LAS ROZAS,MADRID,ES,913985400,902575422,,28,,N,,12,"FINANDIA E.F.C., S.A.",FINANDIA EFC,"CL. JACINTO BENAVENTE, 2-A EDIFICIO TRIPARK"
EFC,8816,"SDAD. CONJUNTA EMISION GESTION MEDIOS PAGO, EFC,SA","SOCIEDAD CONJUNTA PARA LA EMISION Y GESTION DE MEDIOS DE PAGO, E.F.C., S.A.",A83289819,CL,JOSE ORTEGA Y GASSET,22,,28006,MADRID,,ES,917816600,915771769,WWW.IBERIACARDS.COM,28,IBERIA CARDS,S,,12,"SDAD.CONJUNTA EMISION G.M.P.,EFC,SA",IBERIA CARDS,"CL. JOSE ORTEGA Y GASSET, 22"
EFC,8818,"CITIFIN, S.A., E.F.C.","CITIFIN, S.A., E.F.C.",A83448852,AV,DE EUROPA,19,PQ. EMP. LA MORALEJA,28108,ALCOBENDAS,MADRID,ES,915270040,0,,28,,N,,12,"CITIFIN, S.A., E.F.C.",CITIFIN EFC,"AV. DE EUROPA, 19 PQ. EMP. LA MORALEJA"
SECC,0108,"SOCIETE GENERALE, S.E.","SOCIETE GENERALE, SUCURSAL EN ESPAÑA",W0011682B,PZ,PABLO RUIZ PICASSO,1,TORRE PICASSO,28020,MADRID,,FR,915898060,915893805,,28,,N,SOGEESMMAGM,12,"SOCIETE GENERALE, S.E.",SOCIETE GENERAL,"PZ. PABLO RUIZ PICASSO, 1 TORRE PICASSO"
SECC,0131,"BANCO ESPIRITO SANTO, S.A., S.E.","BANCO ESPIRITO SANTO, S.A., SUCURSAL EN ESPAÑA",W0102800J,CL,SERRANO,88,,28006,MADRID,,PT,914005000,914005053,WWW.BES.ES,28,,N,BESMESMMXXX,12,"BANCO ESPIRITO SANTO, S.A., S.E.",ESPIRITO SANTO,"CL. SERRANO, 88"
SECC,0149,"BNP PARIBAS, S.E.","BNP PARIBAS, SUCURSAL EN ESPAÑA",W0011117I,CL,RIBERA DEL LOIRA,28,,28042,MADRID,,FR,913491100,913491282,WWW.BNPPARIBAS.ES,28,,N,BNPAESMSXXX,12,"BNP PARIBAS, S.E.","BNP PARIBAS, SE","CL. RIBERA DEL LOIRA, 28"
SECC,0152,"BARCLAYS BANK PLC, S.E.","BARCLAYS BANK PLC, SUCURSAL EN ESPAÑA",W0061418J,PZ,DE COLON,1,,28046,MADRID,,GB,913361000,913361485,,28,,N,BPLCESMMXXX,12,"BARCLAYS BANK PLC, S.E.","BARCLAYS, S.E.","PZ. DE COLON, 1"
SECC,0156,"THE ROYAL BANK OF SCOTLAND PLC, S.E.","THE ROYAL BANK OF SCOTLAND PLC, SUCURSAL EN ESPAÑA",W0066180A,CL,JOSE ORTEGA Y GASSET,29,PL. 5,28006,MADRID,,GB,914385100,914385300,WWW.RBOS.ES,28,,N,ABNAESMMXXX,12,THE ROYAL BANK OF SCOTLAND PLC. S.E,ROYAL BANK,"CL. JOSE ORTEGA Y GASSET, 29 PL. 5"
SECC,0159,"COMMERZBANK AKTIENGESELLSCHAFT, S.E.","COMMERZBANK AKTIENGESELLSCHAFT, SUCURSAL EN ESPAÑA",W0041282E,PS,DE LA CASTELLANA,110,,28046,MADRID,,DE,915724700,915724850,,28,,N,COBAESMXXXX,12,"COMMERZBANK A.G., S.E.",COMMERZBANK,"PS. DE LA CASTELLANA, 110"
SECC,0162,"HSBC BANK PLC, S.E.","HSBC BANK PLC, SUCURSAL EN ESPAÑA",W0061401F,PZ,PABLO RUIZ PICASSO,S/N,"PL.33, TORRE PICASSO",28020,MADRID,,GB,914566100,914566200,,28,,N,MIDLESMMXXX,12,"HSBC BANK PLC, S.E.",HSBC BANK,"PZ. PABLO RUIZ PICASSO, S/N PL.33, TORRE PICASSO"
SECC,0190,"BANCO BPI, S.A., S.E.","BANCO BPI, S.A., SUCURSAL EN ESPAÑA",W0401036I,PS,DE LA CASTELLANA,40,BIS,28046,MADRID,,PT,913289800,915766387,,28,,N,BBPIESMMXXX,12,"BANCO BPI, S.A., S.E.","BANCO BPI, S.E.","PS. DE LA CASTELLANA, 40 BIS"
SECC,0196,"PORTIGON AG, S.E.","PORTIGON AG, SUCURSAL EN ESPAÑA",W0041901J,CL,SERRANO,37,PL. 5,28001,MADRID,,DE,914328000,914328070,WWW.WESTLB.COM,28,,N,WELAESMMXXX,12,"PORTIGON AG, S.E.",PORTIGON,"CL. SERRANO, 37 PL. 5"
SECC,0218,FCE BANK PLC S.E.,FCE BANK PLC SUCURSAL EN ESPAÑA,W0063712D,CL,CALENDULA,13,,28109,ALCOBENDAS,MADRID,GB,917145317,917145372,,28,,N,FCEFESM1XXX,12,FCE BANK PLC S.E.,FCE BANK,"CL. CALENDULA, 13"
SECC,1459,COOP.CENTR. RAIFFEISEN-BOERENL.(RABOBANK NED.)S.E.,"COOPERATIEVE CENTRALE RAIFFEISEN- BOERENLEENBANK B.A. (RABOBANK NEDERLAND), SUCURSAL EN ESPAÑA",W0031750C,CL,RAFAEL CALVO,39,PL. 1,28010,MADRID,,NL,914364010,914364020,,28,,N,PRABESMMXXX,12,COOP.C.RAIFFEISEN-B.(RABOBANK NED.),RABOBANK NEDERL,"CL. RAFAEL CALVO, 39 PL. 1"
SECC,1463,"BANQUE PSA FINANCE, S.E.","BANQUE PSA FINANCE, SUCURSAL EN ESPAÑA",W0012543E,CL,JULIAN CAMARILLO,6,PL. 1,28037,MADRID,,FR,902114701,913472009,,28,,N,PSABESM1XXX,12,"BANQUE PSA FINANCE, S.E.",PSA FINANCE,"CL. JULIAN CAMARILLO, 6 PL. 1"
SECC,1467,"HYPOTHEKENBANK FRANKFURT AG, S.E.","HYPOTHEKENBANK FRANKFURT AG, SUCURSAL EN ESPAÑA",W0042233G,PS,DE LA CASTELLANA,110,PL. 7,28046,MADRID,,DE,917877450,917877490,WWW.EUROHYPO.COM,28,,N,EHYPESM1XXX,12,"HYPOTHEKENBANK FRANKFURT AG, S.E.",HYPOTHEKENBANK,"PS. DE LA CASTELLANA, 110 PL. 7"
SECC,1470,"BANCO PORTUGUES DE INVESTIMENTO, S.A. S.E.","BANCO PORTUGUES DE INVESTIMENTO, S.A. SUCURSAL EN ESPAÑA",W0101346E,PS,DE LA CASTELLANA,40,BIS - PL. 3,28046,MADRID,,PT,917814603,917814607,,28,BPI,S,BPIPESM1XXX,12,"BANCO PORTUGUES INVESTIMENTO,S.A.SE",BPI,"PS. DE LA CASTELLANA, 40 BIS - PL. 3"
SECC,1479,"NATIXIS, S.A., S.E.","NATIXIS, S.A., SUCURSAL EN ESPAÑA",W0013055I,PS,DE RECOLETOS,7-9,,28004,MADRID,,FR,914319769,915774562,,28,,N,BFCEESMMXXX,12,"NATIXIS, S.A., S.E.",NATIXIS,"PS. DE RECOLETOS, 7-9"
SECC,1480,"VOLKSWAGEN BANK GMBH, S.E.","VOLKSWAGEN BANK GMBH, SUCURSAL EN ESPAÑA",W0042741I,AV,DE BRUSELAS,34,,28108,ALCOBENDAS,MADRID,DE,914535100,914535273,WWW.VWBSTOCK.COM,28,,N,VOWAES21XXX,12,"VOLKSWAGEN BANK GMBH, S.E.",VOLKSWAGEN BANK,"AV. DE BRUSELAS, 34"
SECC,1481,"BANCO MAIS, S.A. (ESPANHA), S.E.","BANCO MAIS, S.A. (ESPANHA), SUCURSAL EN ESPAÑA",W0101570J,AV,DEL PARTENON,16-18,CAMPO NACIONES,28042,MADRID,,PT,913848400,913848401,,28,,N,,12,"BANCO MAIS, S.A. (ESPANHA), SE",BANCO MAIS,"AV. DEL PARTENON, 16-18 CAMPO NACIONES"
SECC,1494,"INTESA SANPAOLO S.P.A., S.E.","INTESA SANPAOLO S.P.A., SUCURSAL EN ESPAÑA",W0051962I,PS,DE LA CASTELLANA,31,"EDIF. PIRAMIDE, 7ç A",28046,MADRID,,IT,913106330,913197722,,28,,N,BCITESMMXXX,12,"INTESA SANPAOLO S.P.A., S.E.",INTESA SANPAOLO,"PS. DE LA CASTELLANA, 31 EDIF. PIRAMIDE, 7ç A"
SECC,1497,"BANCO ESPIRITO SANTO DE INVESTIMENTO, S.A., S.E.","BANCO ESPIRITO SANTO DE INVESTIMENTO, S.A., SUCURSAL EN ESPAÑA",W0102170H,CL,SERRANO,88,PL. 4,28006,MADRID,,PT,0,0,WWW.ESPIRITOSANTOIB.COM,28,,N,ESSIESMMXXX,12,BANCO ESPIRITO SANTO INVESTIMENTO,BESI,"CL. SERRANO, 88 PL. 4"
SECC,1499,"CLAAS FINANCIAL SERVICES, S.A.S., S.E.","CLAAS FINANCIAL SERVICES, S.A.S., SUCURSAL EN ESPAÑA",W0014060H,CL,RETAMA,3,,28045,MADRID,,FR,914682048,915300019,,28,,N,,12,"CLAAS FINANCIAL SERVICES, S.A.S.,SE",CLAAS FINANCIAL,"CL. RETAMA, 3"
SECC,1500,"NATIXIS LEASE S.A., S.E.","NATIXIS LEASE, S.A., SUCURSAL EN ESPAÑA",W0013984J,PS,DE RECOLETOS,7-9,PL. 6,28004,MADRID,,FR,918374717,918374733,,28,,N,,12,"NATIXIS LEASE S.A., S.E.",NATIXIS LEASE,"PS. DE RECOLETOS, 7-9 PL. 6"
SECC,1508,"RCI BANQUE, S.A., S.E.","RCI BANQUE, S.A., SUCURSAL EN ESPAÑA",W0014596A,AV,DE BURGOS,89-A,,28050,MADRID,,FR,902137137,913794415,,28,,N,,12,"RCI BANQUE, S.A., S.E.",RCI BANQUE,"AV. DE BURGOS, 89-A"
SECC,1516,"J.P. MORGAN INTERNATIONAL BANK LIMITED, S.E.","J.P. MORGAN INTERNATIONAL BANK LIMITED, SUCURSAL EN ESPAÑA",W0069849H,CL,JOSE ORTEGA Y GASSET,29,,28006,MADRID,,GB,915161200,915161616,,28,,N,,12,J.P. MORGAN INTERNATIONAL BANK LTD.,JP MORGAN INT,"CL. JOSE ORTEGA Y GASSET, 29"
SECC,1520,"MEDIOBANCA, S.E.","MEDIOBANCA, SUCURSAL EN ESPAÑA",W0053354G,CL,JORGE MANRIQUE,12,,28006,MADRID,,IT,915158100,915158254,,28,,N,,12,"MEDIOBANCA, S.E.","MEDIOBANCA, S.E","CL. JORGE MANRIQUE, 12"
SECC,1524,"UBI BANCA INTERNATIONAL, S.A., S.E.","UBI BANCA INTERNATIONAL, S.A., SUCURSAL EN ESPAÑA",W1081236J,PS,CASTELLANA,259,TORRE ESPACIO PL. 45,28046,MADRID,,LU,913344061,913344062,,28,,N,UBIBESMMXXX,12,"UBI BANCA INTERNATIONAL, S.A., S.E.",UBI BANCA,"PS. CASTELLANA, 259 TORRE ESPACIO PL. 45"
SECC,1534,"KBL EUROPEAN PRIVATE BANKERS, S.A. S.E.","KBL EUROPEAN PRIVATE BANKERS, S.A., SUCURSAL EN ESPAÑA",W0182154E,CL,SERRANO,57,,28006,MADRID,,LU,914232200,914232270,,28,,N,KBLXESMMXXX,12,"KBL EUROPEAN PRIV. BANK.,S.A,S.E.",KBL BANKERS,"CL. SERRANO, 57"
SECC,1535,"AKF BANK GMBH & CO KG, S.E.","AKF BANK GMBH & CO KG, SUCURSAL EN ESPAÑA",W0047018G,AV,DE EUROPA,"12, 3 C",PQ.EMPR.LA MORALEJA,28108,ALCOBENDAS,MADRID,DE,916572296,914904493,WWW.AKF.ESPANA.ES,28,,N,,12,"AKF BANK GMBH & CO KG, S.E.",AKF,"AV. DE EUROPA, 12, 3 C PQ.EMPR.LA MORALEJA"
SECC,1537,"LLOYDS TSB BANK PLC, S.E.","LLOYDS TSB BANK PLC, SUCURSAL EN ESPAÑA",W0060995H,PS,DE LA CASTELLANA,52,PL. 3,28046,MADRID,,GB,917452014,917454151,WWW.LLOYDSTSB.ES,28,,N,,12,"LLOYDS TSB BANK PLC, S.E.",LLOYDS TSB BANK,"PS. DE LA CASTELLANA, 52 PL. 3"
SECC,1541,"ATTIJARIWAFA BANK EUROPE, S.E.","ATTIJARIWAFA BANK EUROPE, SUCURSAL EN ESPAÑA",W0017314F,CL,BRAVO MURILLO,210,,28020,MADRID,,FR,915632775,915643420,,28,,N,,12,"ATTIJARIWAFA BANK EUROPE, S.E.",ATTIJARIWAFA BA,"CL. BRAVO MURILLO, 210"
SECC,1543,"COFIDIS, S.A. SUCURSAL EN ESPAÑA","COFIDIS, S.A. SUCURSAL EN ESPAÑA",W0017686G,PZ,DE LA PAU,S/N,"EDIFICIO WTC, AP1",08940,CORNELLA DE LLOBREGAT,BARCELONA,FR,902308030,934183057,WWW.COFIDIS.ES,08,,N,,9,"COFIDIS, S.A. SUCURSAL EN ESPAÑA","COFIDIS,S.A.,SE","PZ. DE LA PAU, S/N EDIFICIO WTC, AP1"
SECC,1545,"CREDIT AGRICOLE LUXEMBOURG, S.E.","CREDIT AGRICOLE LUXEMBOURG, SUCURSAL EN ESPAÑA",W0182904C,PS,DE LA CASTELLANA,1,,28046,MADRID,,LU,914327432,914327265,,28,CAL,S,AGRIESMMXXX,12,"CREDIT AGRICOLE LUXEMBOURG, S.E.",CAL,"PS. DE LA CASTELLANA, 1"
BP,0036,"SANTANDER INVESTMENT, S.A.","SANTANDER INVESTMENT, S.A.",A08161507,AV,DE CANTABRIA,S/N,CIUDAD GR. SANTANDER,28660,BOADILLA DEL MONTE,MADRID,ES,912893400,912571817,,28,,N,SABNESMMXXX,12,"SANTANDER INVESTMENT, S.A.",SANTANDER INV.,"AV. DE CANTABRIA, S/N CIUDAD GR. SANTANDER"
BP,0038,"BANESTO BANCO DE EMISIONES, S.A.","BANESTO BANCO DE EMISIONES, S.A.",A28027274,AV,GRAN VIA DE HORTALEZA,3,,28043,MADRID,,ES,913383743,913381788,,28,,N,,12,"BANESTO BANCO DE EMISIONES, S.A.",BANESTO EMISION,"AV. GRAN VIA DE HORTALEZA, 3"
BP,0049,"BANCO SANTANDER, S.A.","BANCO SANTANDER, S.A.",A39000013,PS,DE PEREDA,9-12,,39004,SANTANDER,CANTABRIA,ES,942206100,915813388,WWW.BANCOSANTANDER.ES,39,SANTANDER,S,BSCHESMMXXX,6,"BANCO SANTANDER,SA",SANTANDER,"PS. DE PEREDA, 9-12"
BP,0061,"BANCA MARCH, S.A.","BANCA MARCH, S.A.",A07004021,AV,ALEJANDRO ROSELLO,8,,07002,PALMA DE MALLORCA,ILLES BALEARS,ES,971779100,971469929,WWW.BANCAMARCH.ES,07,,N,BMARES2MXXX,4,"BANCA MARCH, S.A.",BANCA MARCH,"AV. ALEJANDRO ROSELLO, 8"
BP,0073,"OPEN BANK, S.A.","OPEN BANK, S.A.",A28021079,AV,CANTABRIA,S/N,CIUDAD GR. SANTANDER,28660,BOADILLA DEL MONTE,MADRID,ES,913421000,913421043,WWW.OPENBANK.ES,28,,N,OPENESMMXXX,12,"OPEN BANK, S.A.",OPEN BANK,"AV. CANTABRIA, S/N CIUDAD GR. SANTANDER"
BP,0081,"BANCO DE SABADELL, S.A.","BANCO DE SABADELL, S.A.",A08000143,PZ,DE SANT ROC,20,,08201,SABADELL,BARCELONA,ES,937289289,937271867,WWW.BANCSABADELL.COM,08,,N,BSABESBBXXX,9,"BANCO DE SABADELL, S.A.",BANCO SABADELL,"PZ. DE SANT ROC, 20"
BP,0083,"RENTA 4 BANCO, S.A.","RENTA 4 BANCO, S.A.",A82473018,PS,DE LA HABANA,74,,28036,MADRID,,ES,913848500,913848507,,28,,N,RENBESMMXXX,12,"RENTA 4 BANCO, S.A.",RENTA 4,"PS. DE LA HABANA, 74"
BP,0093,"BANCO DE VALENCIA, S.A.","BANCO DE VALENCIA, S.A.",A46002036,CL,PINTOR SOROLLA,2-4,,46002,VALENCIA,,ES,963984503,963984570,WWW.BANCODEVALENCIA.ES,46,,N,VALEESVVXXX,15,"BANCO DE VALENCIA, S.A.",BANCO VALENCIA,"CL. PINTOR SOROLLA, 2-4"
BP,0094,"RBC INVESTOR SERVICES ESPAÑA, S.A.","RBC INVESTOR SERVICES ESPAÑA, S.A.",A43000033,CL,FERNANDO EL SANTO,20,,28010,MADRID,,ES,913609900,913609901,WWW.RBCIS.COM,28,RBC INVESTOR,S,BVALESMMXXX,12,"RBC INVESTOR SERVICES ESPAÑA, S.A.",RBC INVESTOR,"CL. FERNANDO EL SANTO, 20"
BP,0122,"CITIBANK ESPAÑA, S.A.","CITIBANK ESPAÑA, S.A.",A28142081,AV,DE EUROPA,19,PQ.EMP.LA MORALEJA,28108,ALCOBENDAS,MADRID,ES,916631000,916631086,WWW.CITIBANK.ES,28,,N,CITIES2XXXX,12,"CITIBANK ESPAÑA, S.A.",CITIBANK ESPAÑA,"AV. DE EUROPA, 19 PQ.EMP.LA MORALEJA"
BP,0125,"BANCOFAR, S.A.","BANCOFAR, S.A.",A45002599,CL,FORTUNY,51,,28010,MADRID,,ES,917023190,917023194,WWW.BANCOFAR.ES,28,,N,BAOFESM1XXX,12,"BANCOFAR, S.A.",BANCOFAR,"CL. FORTUNY, 51"
BP,0182,"BANCO BILBAO VIZCAYA ARGENTARIA, S.A.","BANCO BILBAO VIZCAYA ARGENTARIA, S.A.",A48265169,PZ,DE SAN NICOLAS,4,,48005,BILBAO,BIZKAIA,ES,944876000,944876417,WWW.BBVA.COM,48,BBVA,S,BBVAESMMXXX,16,"BANCO BILBAO VIZCAYA ARGENTARIA, SA",BBVA,"PZ. DE SAN NICOLAS, 4"
BP,0184,"BANCO EUROPEO DE FINANZAS, S.A.","BANCO EUROPEO DE FINANZAS, S.A.",A78963816,CL,SEVERO OCHOA,5,PQ TEC.DE ANDALUCIA,29590,CAMPANILLAS,MALAGA,ES,952367955,952367956,WWW.BEF.ES,29,,N,BEDFESM1XXX,1,"BANCO EUROPEO DE FINANZAS, S.A.",EUROP. FINANZAS,"CL. SEVERO OCHOA, 5 PQ TEC.DE ANDALUCIA"
BP,0188,"BANCO ALCALA, S.A.","BANCO ALCALA, S.A.",A79074274,CL,JOSE ORTEGA Y GASSET,7,,28006,MADRID,,ES,914310976,914357260,WWW.BANCOALCALA.ES,28,,N,ALCLESMMXXX,12,"BANCO ALCALA, S.A.",BANCO ALCALA,"CL. JOSE ORTEGA Y GASSET, 7"
BP,0198,"BANCO COOPERATIVO ESPAÑOL, S.A.","BANCO COOPERATIVO ESPAÑOL, S.A.",A79496055,CL,VIRGEN DE LOS PELIGROS,4,,28013,MADRID,,ES,915956700,915956800,WWW.BANCOCOOPERATIVO.ES,28,,N,BCOEESMMXXX,12,"BANCO COOPERATIVO ESPAÑOL, S.A.",COOPERATIVO,"CL. VIRGEN DE LOS PELIGROS, 4"
BP,0219,"BANQUE MAROCAINE COMMERCE EXTERIEUR INTERNAT.,S.A.","BANQUE MAROCAINE DU COMMERCE EXTERIEUR INTERNATIONAL, S.A.",A80754781,CL,SERRANO,59,,28006,MADRID,,ES,915756800,914316310,,28,,N,BMCEESMMXXX,12,BANQUE MAROCAINE COM.EXT.INTERNAT.,MAROCAINE CO EX,"CL. SERRANO, 59"
BP,0220,"BANCO FINANTIA SOFINLOC, S.A.","BANCO FINANTIA SOFINLOC, S.A.",A80762941,AV,MENENDEZ PELAYO,67,,28009,MADRID,,ES,915572300,915572301,WWW.BFS.ES.,28,,N,FIOFESM1XXX,12,"BANCO FINANTIA SOFINLOC, S.A.",FINANTIA,"AV. MENENDEZ PELAYO, 67"
BP,0223,"GENERAL ELECTRIC CAPITAL BANK, S.A.","GENERAL ELECTRIC CAPITAL BANK, S.A.",A08149007,CL,LLULL,95-97,PL. 4,08005,BARCELONA,,ES,934005900,934166813,WWW.GEMONEYBANK.ES,08,GE MONEY BANK,S,GEECESB1XXX,9,"GENERAL ELECTRIC CAPITAL BANK, S.A.",GE MONEY BANK,"CL. LLULL, 95-97 PL. 4"
BP,0224,"SANTANDER CONSUMER FINANCE, S.A.","SANTANDER CONSUMER FINANCE, S.A.",A28122570,AV,DE CANTABRIA,S/N,CIUDAD GR. SANTANDER,28660,BOADILLA DEL MONTE,MADRID,ES,912574930,912571288,WWW.SANTANDERCONSUMERFINANCE.ES,28,,N,SCFBESMMXXX,12,"SANTANDER CONSUMER FINANCE, S.A.",SANTANDER CONSU,"AV. DE CANTABRIA, S/N CIUDAD GR. SANTANDER"
BP,0225,"BANCO CETELEM, S.A.","BANCO CETELEM, S.A.",A78650348,CL,RETAMA,3,PL. 3-2,28045,MADRID,,ES,913370700,915287780,WWW.BANCOCETELEM.ES,28,,N,FIEIESM1XXX,12,"BANCO CETELEM, S.A.",BANCO CETELEM,"CL. RETAMA, 3 PL. 3-2"
BP,0226,"UBS BANK, S.A","UBS BANK, S.A.",A82356049,CL,MARIA DE MOLINA,4,,28006,MADRID,,ES,917457000,915633666,WWW.UBS.ES,28,,N,UBSWESMMXXX,12,UBS BANK S.A.,UBS BANK,"CL. MARIA DE MOLINA, 4"
BP,0227,"UNOE BANK, S.A.","UNOE BANK, S.A.",A08024796,CL,JULIAN CAMARILLO,4,,28037,MADRID,,ES,914536100,914536101,WWW.UNO-E.COM,28,UNO-E,S,UNOEESM1XXX,12,"UNOE BANK, S.A.",UNO-E,"CL. JULIAN CAMARILLO, 4"
BP,0229,"BANCOPOPULAR-E, S.A.","BANCOPOPULAR-E, S.A.",A81831067,CL,VELAZQUEZ,34,,28001,MADRID,,ES,915208014,913202072,WWW.BANCOPOPULAR-E.COM,28,,N,POPLESMMXXX,12,"BANCOPOPULAR-E, S.A.",BANCOPOPULAR-E,"CL. VELAZQUEZ, 34"
BP,0231,"DEXIA SABADELL, S.A.","DEXIA SABADELL, S.A.",A82892993,CL,MAHONIA,2,,28043,MADRID,,ES,917213310,917213320,WWW.DEXIASABADELL.ES,28,,N,DSBLESMMXXX,12,"DEXIA SABADELL, S.A.",DEXIASABADELL,"CL. MAHONIA, 2"
BP,0232,"BANCO INVERSIS, S.A.","BANCO INVERSIS, S.A.",A83131433,AV,DE LA HISPANIDAD,6,,28042,MADRID,,ES,914001400,914001410,WWW.INVERSIS.COM,28,,N,INVLESMMXXX,12,"BANCO INVERSIS, S.A.",INVERSIS,"AV. DE LA HISPANIDAD, 6"
BP,0235,"BANCO PICHINCHA ESPAÑA, S.A.","BANCO PICHINCHA ESPAÑA, S.A.",A85882330,CL,LAGASCA,4,PL. 5,28001,MADRID,,ES,917818958,915758451,WWW.BANCOPICHINCHA.ES,28,,N,PIESESM1XXX,12,"BANCO PICHINCHA ESPAÑA, S.A.",BANCO PICHINCHA,"CL. LAGASCA, 4 PL. 5"
BP,0236,"LLOYDS BANK INTERNATIONAL, S.A.","LLOYDS BANK INTERNATIONAL, S.A.",A80481765,CL,SERRANO,90,PL. 5,28006,MADRID,,ES,915209893,914848194,,28,,N,LOYIESMMXXX,12,"LLOYDS BANK INTERNATIONAL, S.A.",LLOYDS BANK INT,"CL. SERRANO, 90 PL. 5"
BP,0487,"BANCO MARE NOSTRUM, S.A.","BANCO MARE NOSTRUM, S.A.",A86104189,PS,RECOLETOS,17,,28004,MADRID,,ES,917015903,915227668,,28,,N,GBMNESMMXXX,12,"BANCO MARE NOSTRUM, S.A.",B.MARE NOSTRUM,"PS. RECOLETOS, 17"
BP,1490,"SELF TRADE BANK, S.A.","SELF TRADE BANK, S.A.",A85597821,CL,ARAGONESES,2A,,28108,ALCOBENDAS,MADRID,ES,917894000,917894019,WWW.SELFTRADE.ES,28,SELF TRADE BANK,S,SELFESMMXXX,12,"SELF TRADE BANK, S.A.",SELF TRADE BANK,"CL. ARAGONESES, 2A"
BP,2090,"BANCO CAM, S.A.","BANCO CAM, S.A.",A86101375,CL,OSCAR ESPLA,37,,03007,ALICANTE,,ES,965905000,965905044,WWW.CAM.ES,03,,N,CAAMES2AXXX,15,"BANCO CAM, S.A.","BANCO CAM, S.A.","CL. OSCAR ESPLA, 37"
BP,2095,"KUTXABANK, S.A","KUTXABANK, S.A",A95653077,CL,GRAN VIA,30-32,,48009,BILBAO,BIZKAIA,ES,944017526,944017326,,48,"KUTXABANK, S.A",S,BASKES2BXXX,16,"KUTXABANK, S.A","KUTXABANK, S.A","CL. GRAN VIA, 30-32"
BP,2100,"CAIXABANK, S.A.","CAIXABANK, S.A.",A08663619,AV,DIAGONAL,621,,08028,BARCELONA,,ES,934046000,934046723,WWW.CAIXABANK.ES,08,"CAIXABANK, S.A.",S,CAIXESBBXXX,9,"CAIXABANK, S.A.","CAIXABANK, S.A.","AV. DIAGONAL, 621"
BP,2103,"UNICAJA BANCO, S.A.","UNICAJA BANCO, S.A.",A93139053,AV,ANDALUCIA,10-12,,29007,MALAGA,,ES,952138000,952287698,WWW.UNICAJA.ES,29,,N,UCJAES2MXXX,1,"UNICAJA BANCO, S.A.",UNICAJA BANCO,"AV. ANDALUCIA, 10-12"
BP,2107,"UNNIM BANC, S.A","UNNIM BANC, S.A",A65609653,PZ,CATALUÑA,9,PL. 6-7,08002,BARCELONA,,ES,937397700,937397777,WWW.UNNIM.ES,08,"UNNIM BANC, S.A",S,CECAESMM107,9,"UNNIM BANC, S.A","UNNIM BANC, S.A","PZ. CATALUÑA, 9 PL. 6-7"
BP,2108,"BANCO DE CAJA ESPAÑA INVER. SALAMANCA Y SORIA,S.A.","BANCO DE CAJA ESPAÑA DE INVERSIONES, SALAMANCA Y SORIA, S.A.",A86289642,CL,MARQUES DE VILLAMAGNA,6-8,,28001,MADRID,,ES,915139000,915139129,,28,BANCO CEISS,S,CSPAES2L108,12,BANCO DE CAJA ESPAÑA DE INVERSIONES,BANCO CEISS,"CL. MARQUES DE VILLAMAGNA, 6-8"
CA,2000,CONFEDERACION ESPAÑOLA DE CAJAS DE AHORROS,CONFEDERACION ESPAÑOLA DE CAJAS DE AHORROS,G28206936,CL,ALCALA,27,,28014,MADRID,,ES,915965000,915965742,WWW.CECA.ES,28,CECA,S,CECAESMMXXX,12,CONFED. ESPAÑOLA CAJAS DE AHORROS,CECA,"CL. ALCALA, 27"
CA,2045,CAJA DE AHORROS Y M.P. DE ONTINYENT,CAJA DE AHORROS Y MONTE DE PIEDAD DE ONTINYENT,G46002796,PZ,SANTO DOMINGO,24,,46870,ONTINYENT,VALENCIA,ES,962919100,962387003,WWW.CAIXAONTINYENT.ES,46,,N,CECAESMM045,15,CAJA DE AHORROS Y M.P. ONTINYENT,CAJA ONTINYENT,"PZ. SANTO DOMINGO, 24"
CA,2406,CAJA DE AHORROS DE LA RIOJA,CAJA DE AHORROS DE LA RIOJA,G26003038,CL,MIGUEL VILLANUEVA,9,,26001,LOGROÑO,,ES,941293131,941293145,WWW.CAJARIOJA.ES,26,CAJARIOJA,S,,17,CAJA DE AHORROS DE LA RIOJA,CAJARIOJA,"CL. MIGUEL VILLANUEVA, 9"
CA,2408,CAJA DE AHORROS Y M.P. DE SEGOVIA,CAJA DE AHORROS Y MONTE DE PIEDAD DE SEGOVIA,G40000192,AV,FERNANDEZ LADREDA,8,,40001,SEGOVIA,,ES,921415160,921415160,WWW.CAJASEGOVIA.ES,40,CAJA DE SEGOVIA,S,,7,CAJA DE AHORROS Y M.P. DE SEGOVIA,CAJA DE SEGOVIA,"AV. FERNANDEZ LADREDA, 8"
CA,2409,CAJA DE AHORROS DEL MEDITERRANEO,CAJA DE AHORROS DEL MEDITERRANEO,G03046562,CL,SAN FERNANDO,40,,03001,ALICANTE,,ES,965905000,965905044,WWW.CAM.ES,03,CAM,S,,15,CAJA DE AHORROS DEL MEDITERRANEO,CAM,"CL. SAN FERNANDO, 40"
CA,2410,CAJA DE AHORROS Y M.P. DE NAVARRA,CAJA DE AHORROS Y MONTE DE PIEDAD DE NAVARRA,G31001993,AV,CARLOS III,8,,31002,PAMPLONA,NAVARRA,ES,948222333,948211707,WWW.CAJANAVARRA.ES,31,CAJA NAVARRA,S,,14,CAJA DE AHORROS Y M.P. DE NAVARRA,CAJA NAVARRA,"AV. CARLOS III, 8"
CA,2414,CAJA DE AHORROS DE ASTURIAS,CAJA DE AHORROS DE ASTURIAS,G33001884,PZ,ESCANDALERA,2,,33003,OVIEDO,,ES,985102222,985229950,WWW.CAJASTUR.ES,33,CAJASTUR,S,,3,CAJA DE AHORROS DE ASTURIAS,CAJASTUR,"PZ. ESCANDALERA, 2"
CA,2415,CAJA DE AHORROS Y M.P. DE EXTREMADURA,CAJA DE AHORROS Y MONTE DE PIEDAD DE EXTREMADURA,G10058618,PZ,SANTA MARIA,8,,10003,CACERES,,ES,927255100,927212571,WWW.CAJAEXTREMADURA.ES,10,CAJAEXTREMADURA,S,,10,CAJA AHORROS Y M.P. DE EXTREMADURA,CAJAEXTREMADURA,"PZ. SANTA MARIA, 8"
CA,2416,CAJA DE AHORROS DE SANTANDER Y CANTABRIA,CAJA DE AHORROS DE SANTANDER Y CANTABRIA,G39003785,PZ,VELARDE,3,,39001,SANTANDER,,ES,942221500,942218315,WWW.CAJACANTABRIA.COM,39,CAJA CANTABRIA,S,,6,C.AHORROS DE SANTANDER Y CANTABRIA,CAJA CANTABRIA,"PZ. VELARDE, 3"
CA,2417,"CAIXA AFORROS DE GALICIA,VIGO,OURENSE E PONTEVEDRA","CAIXA DE AFORROS DE GALICIA, VIGO, OURENSE E PONTEVEDRA",G70270293,CL,RUA NUEVA,30-32,,15003,A CORUÑA,,ES,981187000,981223562,,15,NOVACAIXAGALICI,S,,11,"CAIXA A.GALICIA,VIGO,OUR. E PONTEV.",NOVACAIXAGALICI,"CL. RUA NUEVA, 30-32"
CA,2418,"CAIXA D'ESTALVIS DE CATALUNYA,TARRAGONA I MANRESA",CAIXA D'ESTALVIS DE CATALUNYA TARRAGONA I MANRESA,G65345472,PZ,ANTONIO MAURA,6,,08003,BARCELONA,,ES,934845000,934845141,WWW.CATALUNYACAIXA.COM,08,CATALUNYACAIXA,S,,9,"CAIXA CATALUNYA,TARRAGONA I MANRESA",CATALUNYACAIXA,"PZ. ANTONIO MAURA, 6"
CA,2419,"CAIXA E. UNIO CAIXES MANLLEU, SABADELL I TERRASSA","CAIXA D'ESTALVIS UNIO DE CAIXES DE MANLLEU, SABADELL I TERRASSA",G65345886,PZ,CATALUÑA,9,PL. 6-7,08002,BARCELONA,,ES,937397000,937397777,WWW.UNNIM.ES,08,UNNIM,S,,9,"C.E.U.C.MANLLEU,SABADELL I TERRASSA",UNNIM,"PZ. CATALUÑA, 9 PL. 6-7"
CA,2423,CAIXA D'ESTALVIS DEL PENEDES,CAIXA D'ESTALVIS DEL PENEDES,G08169807,CL,FONT DE L'AMETLLO,11,,08720,VILAFRANCA DEL PENEDES,,ES,938916500,938920816,WWW.CAIXAPENEDES.ES,08,,N,,9,CAIXA D'ESTALVIS DEL PENEDES,CAIXA PENEDES,"CL. FONT DE L'AMETLLO, 11"
CA,2424,CAJA DE AHORROS Y M.P. DE LAS BALEARES,CAJA DE AHORROS Y MONTE DE PIEDAD DE LAS BALEARES,G07013154,CL,TER,16,,07009,PALMA DE MALLORCA,,ES,971171717,971726054,WWW.SANOSTRA.NET,07,SA NOSTRA,S,,4,CAJA DE AHORROS Y M.P. DE BALEARES,SA NOSTRA,"CL. TER, 16"
CA,2428,C.A.M.P. CIRCULO CATOLICO DE OBREROS DE BURGOS,CAJA DE AHORROS Y MONTE DE PIEDAD DEL CIRCULO CATOLICO DE OBREROS DE BURGOS,G09000779,AV,REYES CATOLICOS,1,,09005,BURGOS,,ES,947288200,947288210,WWW.CAJACIRCULO.COM,09,CAJA CIRCULO,S,,7,CIRCULO CATOLICO OBREROS DE BURGOS,CAJA CIRCULO,"AV. REYES CATOLICOS, 1"
CC,3005,"CAJA R. CENTRAL, S.C.C.","CAJA RURAL CENTRAL, SOCIEDAD COOPERATIVA DE CREDITO",F03014677,CL,JOSE MARIA SARGET,29,,03300,ORIHUELA,ALICANTE,ES,966740001,965300975,WWW.RURALCENTRAL.ES,03,,N,BCOEESMM005,15,"CAJA R. CENTRAL, S.C.C.",C.R. CENTRAL,"CL. JOSE MARIA SARGET, 29"
CC,3007,"CAJA R. DE GIJON, C.C","CAJA RURAL DE GIJON, COOPERATIVA DE CREDITO",F33604455,PS,INFANCIA,10,,33207,GIJON,ASTURIAS,ES,985180401,985180402,WWW.RURALVIA.COM/GIJON,33,,N,BCOEESMM007,3,"CAJA R. DE GIJON, C.C.",C.R. DE GIJON,"PS. INFANCIA, 10"
CC,3018,"CAJA R.R.S.AGUSTIN DE FUENTE ALAMO M., S.C.C.","CAJA RURAL REGIONAL SAN AGUSTIN FUENTE ALAMO MURCIA, SOCIEDAD COOPERATIVA DE CREDITO",F30603476,,GRAN VIA,1,,30320,FUENTE ALAMO,MURCIA,ES,968597211,968597700,WWW.RURALREGIONAL.ES,30,,N,BCOEESMM018,13,"C.R.R.S.AGUSTIN FUENTE ALAMO M.,SCC",C.R.R.S.AGUSTIN,"GRAN VIA, 1"
CC,3025,"CAIXA DE C. DELS ENGINYERS-C.C. INGENIEROS, S.C.C","CAIXA DE CREDIT DELS ENGINYERS- CAJA DE CREDITO DE LOS INGENIEROS, S. COOP. DE CREDITO",F08216863,,VIA LAYETANA,39,,08003,BARCELONA,,ES,933106000,933100060,WWW.CAJA-INGENIEROS.ES,08,,N,CDENESBBXXX,9,"CAIXA C. DELS ENGINYERS, S.C.C.",C. D'ENGINYERS,"VIA LAYETANA, 39"
CC,3035,CAJA LABORAL POPULAR C.C.,CAJA LABORAL POPULAR COOP. DE CREDITO,F20022109,PS,JOSE MARIA ARIZMENDIARRIETA,S/N,,20500,MONDRAGON,GIPUZKOA,ES,943719500,943719778,WWW.CAJALABORAL.ES,20,,N,CLPEES2MXXX,16,CAJA LABORAL POPULAR C.C.,CAJA LABORAL,"PS. JOSE MARIA ARIZMENDIARRIETA, S/N"
CC,3045,"CAIXA R. ALTEA, C.C.V.","CAIXA RURAL ALTEA, COOPERATIVA DE CREDIT VALENCIANA",F03027901,PJ,LABRADOR,1,,03590,ALTEA,ALICANTE,ES,965841350,965842049,WWW.CAIXALTEA.ES,03,CAIXALTEA,S,CCRIES2A045,15,"CAIXA R. ALTEA, C.C.V.",CAIXALTEA,"PJ. LABRADOR, 1"
CC,3058,"CAJAMAR CAJA RURAL, S.C.C.","CAJAMAR CAJA RURAL, SOCIEDAD COOPERATIVA DE CREDITO",F04001475,PZ,BARCELONA,5,,04006,ALMERIA,,ES,950210100,950266578,WWW.CAJAMAR.ES,04,CAJAMAR,S,CCRIES2AXXX,1,"CAJAMAR CAJA RURAL, S.C.C.",CAJAMAR,"PZ. BARCELONA, 5"
CC,3063,"CAJA R. DE CORDOBA, S.C.C.","CAJA RURAL DE CORDOBA, SOCIEDAD COOPERATIVA DE CREDITO",F14012892,RD,LOS TEJARES,36,,14008,CORDOBA,,ES,957211800,957477873,WWW.RURALVIA.COM/CORDOBA,14,,N,BCOEESMM063,1,"CAJA R. DE CORDOBA, S.C.C.",C.R. DE CORDOBA,"RD. LOS TEJARES, 36"
CC,3080,"CAJA R. DE TERUEL, S.C.C.","CAJA RURAL DE TERUEL, SOCIEDAD COOPERATIVA DE CREDITO",F44002756,PZ,CARLOS CASTEL,14,,44001,TERUEL,,ES,978617100,978603278,WWW.CAJARURAL.COM/TERUEL/       HOME.HTML,44,,N,BCOEESMM080,2,"CAJA R. DE TERUEL, S.C.C.",C.R. DE TERUEL,"PZ. CARLOS CASTEL, 14"
CC,3084,"IPAR KUTXA RURAL, S.C.C.","IPAR KUTXA RURAL, S. COOP. DE CREDITO",F48046742,CL,ARENAL,4,,48005,BILBAO,BIZKAIA,ES,944065200,944065265,WWW.IPARKUTXA.ES,48,IPAR KUTXA,S,CVRVES2BXXX,16,"IPAR KUTXA RURAL, S.C.C.",IPAR KUTXA,"CL. ARENAL, 4"
CC,3085,"CAJA R. DE ZAMORA, C.C.","CAJA RURAL DE ZAMORA, COOPERATIVA DE CREDITO",F49002454,AV,ALFONSO IX,7,,49013,ZAMORA,,ES,980532671,980534649,WWW.CAJARURAL.COM/ZAMORA,49,,N,BCOEESMM085,7,"CAJA R. DE ZAMORA, C.C.",C.R. DE ZAMORA,"AV. ALFONSO IX, 7"
CC,3105,"CAIXA R. DE CALLOSA D'EN SARRIA, C.C.V.","CAIXA RURAL DE CALLOSA D'EN SARRIA, COOPERATIVA DE CREDITO VALENCIANA",F03042595,AV,JAIME I,1,,03510,CALLOSA D'EN SARRIA,ALICANTE,ES,965880058,965880001,WWW.RURALVIA.COM/CALLOSA,03,CAIXACALLOSA,S,CCRIES2A105,15,"CAIXA R. DE CALLOSA D'EN SARRIA,CCV",CAIXACALLOSA,"AV. JAIME I, 1"
CC,3112,"CAJA R. S. JOSE DE BURRIANA, S.C.C.V.","CAJA RURAL SAN JOSE DE BURRIANA, S. COOP. DE CREDITO V.",F12013256,PZ,EL PLA,1,,12530,BURRIANA,CASTELLON,ES,964510927,964517350,WWW.CAJARURAL.COM/BURRIANA,12,,N,CCRIES2A112,15,"CAJA R. S. JOSE DE BURRIANA, SCCV",C.R. SAN JOSE,"PZ. EL PLA, 1"
CC,3113,CAJA R. S. JOSE DE ALCORA S.C.C.V.,CAJA RURAL SAN JOSE DE ALCORA S. COOP. DE CREDITO V.,F12013272,CL,SAN FRANCISCO,14,,12110,ALCORA,CASTELLON,ES,964360976,964360976,WWW.RURALVIA.COM/ALCORA,12,,N,BCOEESMM113,15,CAJA R. S. JOSE DE ALCORA S.C.C.V.,SAN JOSE ALCORA,"CL. SAN FRANCISCO, 14"
CC,3118,CAIXA RURAL TORRENT C.C.V.,CAIXA RURAL TORRENT COOPERATIVA DE CREDIT VALENCIANA,F46047809,AV,AL VEDAT,3,,46900,TORRENT,VALENCIA,ES,961550054,961575952,WWW.RURALTORRENT.COM,46,,N,CCRIES2A118,15,CAIXA RURAL TORRENT C.C.V.,C.R.TORRENT,"AV. AL VEDAT, 3"
CC,3123,"CAIXA R. DE TURIS, C.C.V.","CAIXA RURAL DE TURIS, COOPERATIVA DE CREDITO VALENCIANA",F46027504,PZ,CONSTITUCION,2,,46389,TURIS,VALENCIA,ES,962526061,962526526,WWW.CAJARURAL.COM/RURALES/3123/,46,,N,CCRIES2A123,15,"CAIXA R. DE TURIS, C.C.V.",C.R. DE TURIS,"PZ. CONSTITUCION, 2"
CC,3130,"CAJA R. S. JOSE DE ALMASSORA, S.C.C.V.","CAJA RURAL SAN JOSE DE ALMASSORA, S. COOP. DE CREDITO V.",F12013280,CL,TRINIDAD,20,,12550,ALMASSORA,CASTELLON,ES,964560003,964550248,WWW.TUCAJARURAL.COM,12,CAIXA ALMASSORA,S,BCOEESMM130,15,"CAJA R. S. JOSE DE ALMASSORA, SCCV",CAIXA ALMASSORA,"CL. TRINIDAD, 20"
CC,3134,"CAJA R. NTRA. SRA. LA ESPERANZA DE ONDA, S.C.C.V.","CAJA RURAL NUESTRA SEÑORA DE LA ESPERANZA DE ONDA, S. COOP. DE CREDITO V.",F12013157,PZ,EL PLA,19,,12200,ONDA,CASTELLON,ES,964776677,964600066,WWW.RURALVIA.COM/ONDA,12,,N,BCOEESMM134,15,"C.R. NTRA.SRA. ESPERANZA DE ONDA,SC",C.R. ESPERANZA,"PZ. EL PLA, 19"
CC,3138,"CAJA R. DE BETXI, S.C.C.V.","CAJA RURAL DE BETXI, S. COOP. DE CREDITO V.",F12013322,PZ,MAYOR,2,,12549,BETXI,CASTELLON,ES,964623003,964621122,WWW.CAJARURAL.COM/BETXI,12,,N,BCOEESMM138,15,"CAJA R. DE BETXI, S.C.C.V.",CAIXA R BETXI,"PZ. MAYOR, 2"
CC,3140,"CAJA R. DE GUISSONA, S.C.C.","CAJA RURAL DE GUISSONA, SOCIEDAD COOPERATIVA DE CREDITO",F25014754,CL,TRASPALAU,8,,25210,GUISSONA,LLEIDA,ES,973550248,973550788,,25,,N,BCOEESMM140,9,"CAJA R. DE GUISSONA, S.C.C.",C.R.DE GUISSONA,"CL. TRASPALAU, 8"
CC,3154,"CAJA R. DE LA CARLOTA, S.C.A.C.L. (EN LIQUIDACION)","CAJA RURAL DE LA CARLOTA, SDAD. COOP. ANDALUZA CTO. LTDA. (EN LIQUIDACION)",F14013833,CL,CARLOS III,31,,14100,LA CARLOTA,CORDOBA,ES,957300088,957300632,,14,,N,,1,"CAJA R. DE LA CARLOTA, SCACL (LIQ.)",C.R. LA CARLOTA,"CL. CARLOS III, 31"
CC,3183,CAJA DE ARQUITECTOS S.C.C.,CAJA DE ARQUITECTOS S. COOP. DE CREDITO,F08809808,CL,ARCS,1,,08002,BARCELONA,,ES,934826810,934826801,WWW.ARQUIA.ES,08,ARQUIA,S,CASDESBBXXX,9,CAJA DE ARQUITECTOS S.C.C.,ARQUIA,"CL. ARCS, 1"
CC,3184,"CAJA DE CREDITO DE ALCOY, C.C.V. (EN LIQUIDACION)","CAJA DE CREDITO DE ALCOY, COOPERATIVA DE CREDITO VALENCIANA (EN LIQUIDACION)",F03285467,CL,SANTA ROSA,48,,03800,ALCOY,ALICANTE,ES,965525112,965524606,,03,,N,,15,"CAJA DE CREDITO DE ALCOY, C.C.V.(L)",CAJA DE ALCOY,"CL. SANTA ROSA, 48"
CC,3186,"CAIXA R. ALBALAT DELS SORELLS, C.C.V.","CAIXA RURAL ALBALAT DELS SORELLS, COOPERATIVA DE CREDIT VALENCIANA",F96828728,CL,PADRE SALVADOR,11,,46135,ALBALAT DELS SORELLS,VALENCIA,ES,961490437,961495864,WWW.CAIXALBALAT.ES,46,,N,CCRIES2A186,15,"CAIXA R. ALBALAT DELS SORELLS,CCV",ALBALAT,"CL. PADRE SALVADOR, 11"
CC,3191,NUEVA CAJA RURAL DE ARAGON SOC. COOP. DE CREDITO,"NUEVA CAJA RURAL DE ARAGON, SOCIEDAD COOPERATIVA DE CREDITO",F99320848,CL,SAN VOTO,6 Y 8,,50003,ZARAGOZA,,ES,976763300,976763305,,50,,N,BCOEESMM191,2,NUEVA CAJA RURAL DE ARAGON S.C.C.,NUEVA CR ARAGON,"CL. SAN VOTO, 6 Y 8"
OR,1210,BANQUE REGIONALE D'ESCOMPTE ET DE DEPOTS,BANQUE REGIONALE D'ESCOMPTE ET DE DEPOTS,N0011679H,AV,FELIPE II,17,,28009,MADRID,,FR,915764276,915780170,,28,,N,REDEESM1XXX,12,BANQUE REGIONALE D'ESCOMPTE ET DE D,BANQUEREGIONALE,"AV. FELIPE II, 17"
OR,1234,BANCO DE LA PROVINCIA DE BUENOS AIRES,BANCO DE LA PROVINCIA DE BUENOS AIRES,N5281056A,CL,SERRANO,41,PL. 3,28001,MADRID,,AR,917000776,913915947,,28,,N,PRBAESM1XXX,12,BANCO PROVINCIA DE BUENOS AIRES,BUENOS AIRES,"CL. SERRANO, 41 PL. 3"
SECC,1546,"CNH CAPITAL EUROPE, S.A.S., S.E.","CNH CAPITAL EUROPE, S.A.S., SUCURSAL EN ESPAÑA",W0018143H,CL,ESTRELLA DENEBOLA,8,"PL. 3, LETRA A",28045,MADRID,,FR,902702762,901022393,,28,,N,,12,"CNH CAPITAL EUROPE, S.A.S., S.E.",CNH CAPITAL EUR,"CL. ESTRELLA DENEBOLA, 8 PL. 3, LETRA A"
SECE,0151,"JPMORGAN CHASE BANK NATIONAL ASSOCIATION, S.E.","JPMORGAN CHASE BANK NATIONAL ASSOCIATION, SUCURSAL EN ESPAÑA",W4001407H,CL,JOSE ORTEGA Y GASSET,29,,28006,MADRID,,US,915161200,915161616,,28,,N,CHASESM3XXX,12,JPMORGAN CHASE BANK NAT. ASSOC.S.E,JPMORGAN CHASE,"CL. JOSE ORTEGA Y GASSET, 29"
SECE,0155,"BANCO DO BRASIL, S.A., S.E.","BANCO DO BRASIL, S.A., SUCURSAL EN ESPAÑA",W5081021G,CL,JOSE ORTEGA Y GASSET,29,PL. 1,28006,MADRID,,BR,914232500,914232520,,28,,N,BRASESMMXXX,12,"BANCO DO BRASIL, S.A., S.E.",BANCO DO BRASIL,"CL. JOSE ORTEGA Y GASSET, 29 PL. 1"
SECE,1460,"CREDIT SUISSE AG, S.E.","CREDIT SUISSE AG, SUCURSAL EN ESPAÑA",A81956856,CL,AYALA,42,,28001,MADRID,,CH,917916000,917916010,WWW.CREDIT-SUISSE.COM,28,,N,CRESESMMXXX,12,"CREDIT SUISSE AG, S.E.",CREDIT SUISSE,"CL. AYALA, 42"
SECE,1485,"BANK OF AMERICA, NATIONAL ASSOCIATION, S.E.","BANK OF AMERICA, NATIONAL ASSOCIATION, SUCURSAL EN ESPAÑA",W4003376C,PZ,PABLO RUIZ PICASSO,1,PL 39 Y 40 T.PICASSO,28020,MADRID,,US,913965000,913965123,,28,,N,BOFAES2XXXX,12,"BANK OF AMERICA, N.A., SE",BANK OF AMERICA,"PZ. PABLO RUIZ PICASSO, 1 PL 39 Y 40 T.PICASSO"
SECE,1515,"CITIBANK, N.A., S.E.","CITIBANK, N.A., SUCURSAL EN ESPAÑA",W4004486I,CL,ORTEGA Y GASSET,29,,28006,MADRID,,US,915384100,915384412,,28,,N,,12,"CITIBANK, N.A., S.E.","CITIBANK, N.A.","CL. ORTEGA Y GASSET, 29"
BP,0030,"BANCO ESPAÑOL DE CREDITO, S.A.","BANCO ESPAÑOL DE CREDITO, S.A.",A28000032,AV,GRAN VIA DE HORTALEZA,3,,28033,MADRID,,ES,913381000,913382526,WWW.BANESTO.ES  WWW.IBANESTO.COM,28,BANESTO,S,ESPCESMMXXX,12,"BANCO ESPAÑOL DE CREDITO, S.A.",BANESTO,"AV. GRAN VIA DE HORTALEZA, 3"
BP,0059,"BANCO DE MADRID, S.A.","BANCO DE MADRID, S.A.",A28014207,PS,DE LA CASTELLANA,2 A,,28046,MADRID,,ES,917815360,917815364,,28,,N,MADRESMMXXX,12,"BANCO DE MADRID, S.A.",BANCO DE MADRID,"PS. DE LA CASTELLANA, 2 A"
BP,0129,"BBVA BANCO DE FINANCIACION, S.A.","BBVA BANCO DE FINANCIACION, S.A.",A08188807,,G.VIA DON DIEGO LOPEZ DE HARO,1,,48001,BILBAO,BIZKAIA,ES,944875429,944874448,,48,,N,INALESM1XXX,16,"BBVA BANCO DE FINANCIACION, S.A.",BBVA B.FINANC.,"G.VIA DON DIEGO LOPEZ DE HARO, 1"
BP,0130,"BANCO CAIXA GERAL, S.A.","BANCO CAIXA GERAL, S.A.",A28226157,CL,POLICARPO SANZ,5,,36202,VIGO,PONTEVEDRA,ES,986810700,986810710,WWW.BANCOCAIXAGERAL.ES,36,,N,CGDIESMMXXX,11,"BANCO CAIXA GERAL, S.A.",B. CAIXA GERAL,"CL. POLICARPO SANZ, 5"
BP,0136,"ARESBANK, S.A.","ARESBANK, S.A.",A28386191,PS,DE LA CASTELLANA,257,,28046,MADRID,,ES,913149595,913149768,WWW.ARESBANK.ES,28,ARESBANK,S,AREBESMMXXX,12,"ARESBANK, S.A.",ARESBANK,"PS. DE LA CASTELLANA, 257"
BP,0142,"BANCO DE LA PEQUEÑA Y MEDIANA EMPRESA, S.A.","BANCO DE LA PEQUEÑA Y MEDIANA EMPRESA, S.A.",A08515157,CL,PEDRO I PONS,6-8,,08034,BARCELONA,,ES,933163333,933163165,WWW.BANKPYMENET.COM,08,BANKPIME,S,BPMEESBBXXX,9,BCO.PEQUEÑA Y MED.EMPRESA,BANKPIME,"CL. PEDRO I PONS, 6-8"
BP,2085,"IBERCAJA BANCO, S.A.","IBERCAJA BANCO, S.A.",A99319030,PZ,BASILIO PARAISO,2,,50008,ZARAGOZA,,ES,976767676,976216637,WWW.IBERCAJA.ES,50,,N,CAZRES2ZXXX,2,"IBERCAJA BANCO, S.A.",IBERCAJA BANCO,"PZ. BASILIO PARAISO, 2"
CA,2403,"CAJA AH. VALENCIA, CASTELLON Y ALICANTE, BANCAJA","CAJA DE AHORROS DE VALENCIA, CASTELLON Y ALICANTE, BANCAJA",G46002804,CL,CABALLEROS,2,,12001,CASTELLON DE LA PLANA,,ES,964356400,963232400,WWW.BANCAJA.ES,12,BANCAJA,S,,15,BANCAJA,BANCAJA,"CL. CABALLEROS, 2"
CC,3110,"CAJA R. CATOLICO AGRARIA, S.C.C.V.","CAJA RURAL CATOLICO AGRARIA, S. COOP. DE CREDITO V.",F12013223,PZ,MAYOR,10,,12540,VILLARREAL DE LOS INFANTES,CASTELLON,ES,964520200,964521798,WWW.CAJARURALVILLARREAL.COM,12,,N,BCOEESMM110,15,"CAJA R. CATOLICO AGRARIA, S.C.C.V.",C.R.VILLARREAL,"PZ. MAYOR, 10"
CC,3111,"CAIXA R. LA VALL 'S. ISIDRO', S.C.C.V.","CAIXA RURAL LA VALL 'SAN ISIDRO', SOCIEDAD COOPERATIVA DE CREDITO VALENCIANA",F12013207,AV,CORAZON DE JESUS,3,,12600,VALL DE UXO,CASTELLON,ES,964697989,964697988,WWW.CAIXARURALLAVALL.COM,12,,N,BCOEESMM111,15,"C.R. LA VALL ""S.ISIDRO, S.C.C.V",C.R. LA VALL,"AV. CORAZON DE JESUS, 3"
CC,3116,"CAJA R. COMARCAL DE MOTA DEL CUERVO, S.C.L.C.A.","CAJA RURAL COMARCAL DE MOTA DEL CUERVO, SDAD. COOP. LTDA. CTO. AGRARIO",F16005324,PZ,MAYOR,9,,16630,MOTA DEL CUERVO,CUENCA,ES,967180471,967180401,,16,,N,BCOEESMM116,8,"CAJA R. COMARCAL MOTA DEL CUERVO,SC",C.R.MOTA CUERVO,"PZ. MAYOR, 9"
CC,3117,"CAIXA R. D'ALGEMESI, S.C.V.C.","CAIXA RURAL D'ALGEMESI, S. COOP. V. DE CREDIT",F46043782,CL,SAN JOSE DE CALASANZ,6,,46680,ALGEMESI,VALENCIA,ES,962488030,962484511,WWW.CAJARURAL.COM/RURALES/3117,46,,N,BCOEESMM117,15,"CAIXA R. D'ALGEMESI, S.C.V.C.",C.R.D'ALGEMESI,"CL. SAN JOSE DE CALASANZ, 6"
CC,3127,"CAJA R. DE CASAS IBAÑEZ, S.C.C.CASTILLA-LA MANCHA","CAJA RURAL DE CASAS IBAÑEZ, S. COOP. DE CREDITO DE CASTILLA-LA MANCHA",F02004182,CL,TERCIA,49,,02200,CASAS IBAÑEZ,ALBACETE,ES,967460312,967460344,WWW.RURALVIA.COM/CASASIBANEZ,02,,N,BCOEESMM127,8,"C.R.CASAS IBAÑEZ,SCC CASTI-LAMANCHA",C.R.CASASIBAÑEZ,"CL. TERCIA, 49"
CC,3146,"CAJA DE CREDITO COOPERATIVO, S.C.C.","CAJA DE CREDITO COOPERATIVO, SOCIEDAD COOPERATIVA DE CREDITO",F28457075,CL,VIRGEN DE LOS PELIGROS,4,PL. 4,28013,MADRID,,ES,916926153,0,,28,NOVANCA,S,CCCVESM1XXX,12,"CAJA DE CREDITO COOPERATIVO, S.C.C.",NOVANCA,"CL. VIRGEN DE LOS PELIGROS, 4 PL. 4"
CC,3150,"CAJA R. DE ALBAL, C.C.V.","CAJA RURAL DE ALBAL, COOPERATIVA CREDITO VALENCIANA",F46043824,PZ,DEL JARDI,24,,46470,ALBAL,VALENCIA,ES,961260075,961268683,,46,,N,BCOEESMM150,15,"CAJA R. DE ALBAL, C.C.V.",C.R. DE ALBAL,"PZ. DEL JARDI, 24"
CC,3152,CAJA R. DE VILLAR C.C.V.,"CAJA RURAL DE VILLAR, COOP. DE CREDITO V.",F46043816,CL,LAS CRUCES,33,,46170,VILLAR DEL ARZOBISPO,VALENCIA,ES,961646034,961646159,WWW.CAJARURAL.COM/VILLAR,46,,N,CCRIES2A152,15,CAJA R. DE VILLAR C.C.V.,C.R. DE VILLAR,"CL. LAS CRUCES, 33"
CC,3157,"CAJA R. LA JUNQUERA DE CHILCHES, S.C.C.V.","CAJA RURAL LA JUNQUERA DE CHILCHES, S. COOP. DE CREDITO V.",F12013124,PZ,ESPAÑA,8,,12592,CHILCHES,CASTELLON,ES,964590089,964590404,WWW.RURALVIA.COM/CHILCHES,12,,N,CCRIES2A157,15,"CAJA R. LA JUNQUERA CHILCHES, SCCV",CAIXA R. XILXES,"PZ. ESPAÑA, 8"
CC,3159,"CAIXA POPULAR-CAIXA RURAL, S.C.C.V.","CAIXA POPULAR-CAIXA RURAL, S. COOP. DE CREDITO V.",F46090650,AV,JUAN DE LA CIERVA,9,,46980,PATERNA,VALENCIA,ES,961318282,961318182,,46,,N,BCOEESMM159,15,"CAIXA POPULAR-CAIXA RURAL, S.C.C.V.",CAIXA POPULAR,"AV. JUAN DE LA CIERVA, 9"
CC,3160,"CAIXA R.S.JOSEP DE VILAVELLA, S.C.C.V.","CAIXA RURAL SANT JOSEP DE VILAVELLA, S. COOP. DE CREDITO V.",F12013231,CL,CUEVA SANTA,11,,12526,VILLAVIEJA,CASTELLON,ES,964678000,964678133,WWW.RURALVIA.COM/VILAVELLA,12,,N,CCRIES2A160,15,"CAIXA R.S.JOSEP DE VILAVELLA,SCCV",C.R. VILAVELLA,"CL. CUEVA SANTA, 11"
CC,3162,"CAIXA R. BENICARLO, S.C.C.V.","CAIXA RURAL BENICARLO, S. COOP. DE CREDIT V.",F12013348,AV,JOAN CARLES I,18,,12580,BENICARLO,CASTELLON,ES,964474062,964472761,WWW.CAJARURAL.COM/BENICARLO,12,,N,BCOEESMM162,15,"CAIXA R. BENICARLO, S.C.C.V.",C.R. BENICARLO,"AV. JOAN CARLES I, 18"
CC,3165,"CAJA R. S. ISIDRO DE VILAFAMES, S.C.C.V.",CAJA RURAL SAN ISIDRO DE VILAFAMES S. COOP. DE CREDITO V.,F12013215,AV,BARCELO,6,,12192,VILAFAMES,CASTELLON,ES,964329027,964329392,WWW.RURALVIA.COM/VILAFAMES,12,,N,CCRIES2A165,15,"CAJA R. S. ISIDRO VILAFAMES, SCCV",C.R. VILAFAMES,"AV. BARCELO, 6"
EFC,8813,"SCANIA FINANCE HISPANIA E.F.C., S.A.","SCANIA FINANCE HISPANIA ESTABLECIMIENTO FINANCIERO DE CREDITO, S.A.",A82853987,AV,DE CASTILLA,29,,28830,SAN FERNANDO DE HENARES,MADRID,ES,916781865,916781863,,28,,N,,12,"SCANIA FINANCE HISPANIA EFC, SA",SCANIA,"AV. DE CASTILLA, 29"
EFC,8820,"ING REAL ESTATE FINANCE S.E., E.F.C.,S.A.","ING REAL ESTATE FINANCE S.E., E.F.C., S.A.",A83694182,CL,GENOVA,27,,28004,MADRID,,ES,917898450,917898492,,28,,N,,12,"ING REAL ESTATE FINANCE S.E., EFC",ING REAL ESTATE,"CL. GENOVA, 27"
EFC,8821,"BANSABADELL FINCOM, E.F.C., S.A.","BANSABADELL FINCOM, E.F.C., S.A.",A63574719,CL,SENA (ED. LANDSCAPE),12,PIAE CAN SANT JOAN,08190,SANT CUGAT DEL VALLES,BARCELONA,ES,935916300,935916305,,08,,N,,9,"BANSABADELL FINCOM, E.F.C., S.A.",BANSA FINCOM,"CL. SENA (ED. LANDSCAPE), 12 PIAE CAN SANT JOAN"
EFC,8823,"FINANCIERA ESPAÑOLA DE CREDITO A DISTANCIA, EFC,SA","FINANCIERA ESPAÑOLA DE CREDITO A DISTANCIA, E.F.C., S.A.",A84101682,AV,FUENTE DE LA MORA,4,,28050,MADRID,,ES,918377810,913841945,,28,,N,,12,FINANCIERA ESPAÑOLA CREDITO DISTANC,FINDIRECT,"AV. FUENTE DE LA MORA, 4"
EFC,8825,"ADQUIERA SERVICIOS FINANCIEROS EFC, SA","ADQUIERA SERVICIOS FINANCIEROS E.F.C., S.A.",A97784052,CL,ROGER DE LAURIA,19,PL. 2,46002,VALENCIA,,ES,961974799,963521984,WWW.ADQUIERA.ES,46,,N,,15,"ADQUIERA SERVICIOS FINANCIEROS EFC,",ADQUIERA,"CL. ROGER DE LAURIA, 19 PL. 2"
EFC,8826,"DEUTSCHE LEASING IBERICA, E.F.C., S.A.","DEUTSCHE LEASING IBERICA, E.F.C., S.A.",A84838200,PZ,EUROPA,"9-11, PL.8",TORRE INBISA,08908,LþHOSPITALET DE LLOBREGAT,,ES,932988843,932965774,,08,,N,,9,"DEUTSCHE LEASING IBERICA, E.F.C, SA",DEUTSCHE LEASIN,"PZ. EUROPA, 9-11, PL.8 TORRE INBISA"
EFC,8906,"SANTANDER FACTORING Y CONFIRMING, S.A., E.F.C.","SANTANDER FACTORING Y CONFIRMING, S.A., E.F.C.",A78287562,AV,DE CANTABRIA,S/N,CIUDAD GRP.SANTANDER,28660,BOADILLA DEL MONTE,MADRID,ES,913422715,913422756,WWW.CONFIRMING.ES,28,,N,,12,SANTANDER FACTORING Y CONFIRMING,SANTANDER FACTO,"AV. DE CANTABRIA, S/N CIUDAD GRP.SANTANDER"
SECC,0145,"DEUTSCHE BANK A.G., S.E.","DEUTSCHE BANK, A.G., SUCURSAL EN ESPAÑA",W0041027D,PS,DE LA CASTELLANA,18,,28046,MADRID,,DE,915773577,915753921,,28,,N,DEUTESM1XXX,12,"DEUTSCHE BANK A.G., S.E.","DB-A.G., S.E.","PS. DE LA CASTELLANA, 18"
SECC,0167,"FORTIS BANK, S.A., S.E.","FORTIS BANK, S.A., SUCURSAL EN ESPAÑA",W0021127F,CL,SERRANO,73,,28006,MADRID,,BE,914365600,914365603,WWW.FORTISBANK.COM,28,,N,GEBAESMMXXX,12,"FORTIS BANK, S.A., S.E.",FORTIS BANK,"CL. SERRANO, 73"
SECC,0168,"ING BELGIUM, S.A., S.E.","ING BELGIUM, S.A., SUCURSAL EN ESPAÑA",W0021126H,CL,GENOVA,27,,28004,MADRID,,BE,917898900,917895200,,28,,N,BBRUESMXXXX,12,"ING BELGIUM, S.A., S.E.",ING BELGIUM SE,"CL. GENOVA, 27"
SECC,1475,"CORTAL CONSORS, S.E.","CORTAL CONSORS, SUCURSAL EN ESPAÑA",W0012959C,CL,RIBERA DEL LOIRA,28,,28042,MADRID,,FR,912095050,915210900,,28,,N,CCSEESM1XXX,12,"CORTAL CONSORS, S.E.",CORTAL CONSORS,"CL. RIBERA DEL LOIRA, 28"
SECC,1504,"HONDA BANK GMBH, S.E.","HONDA BANK GMBH, SUCURSAL EN ESPAÑA",W0044283J,CL,LA SELVA,4,URB. MAS BLAU,08820,EL PRAT DE LLOBREGAT,BARCELONA,DE,933780082,933780011,,08,,N,,9,"HONDA BANK GMBH, S.E.",HONDA BANK,"CL. LA SELVA, 4 URB. MAS BLAU"
SECC,1505,"EUROPE ARAB BANK PLC, S.E.","EUROPE ARAB BANK PLC, SUCURSAL EN ESPAÑA",W0068902F,PS,DE LA CASTELLANA,31,PL. BAJA,28046,MADRID,,GB,913084290,913086484,,28,,N,ARABESMMXXX,12,"EUROPE ARAB BANK PLC, S.E.",EUROPE ARAB BAN,"PS. DE LA CASTELLANA, 31 PL. BAJA"
SECC,1506,"MERRILL LYNCH INTERNATIONAL BANK LTD., S.E.","MERRILL LYNCH INTERNATIONAL BANK LIMITED, SUCURSAL EN ESPAÑA",W0071747J,PZ,PABLO RUIZ PICASSO,1,TORRE PICASSO,28020,MADRID,,IE,915143000,915143001,,28,,N,MLCBESM1XXX,12,"MERRILL LYNCH INTERNAT.BANK LTD.,SE",MERRILL LYNCH,"PZ. PABLO RUIZ PICASSO, 1 TORRE PICASSO"
SECC,1509,"BANCO PRIMUS, S.A., S.E.","BANCO PRIMUS, S.A., SUCURSAL EN ESPAÑA",W0102570I,AV,"DE LA VEGA, 1. ED. VEGANOVA",ED. 2,PL. 2 - ESTE/OESTE,28108,ALCOBENDAS,MADRID,PT,911781100,914905338,WWW.BANCOPRIMUS.ES,28,,N,,12,"BANCO PRIMUS, S.A., S.E.",BANCO PRIMUS,"AV. DE LA VEGA, 1. ED. VEGANOVA, ED. 2 PL. 2 - ESTE/OESTE"
SECC,1510,SAXO BANK A/S S.E.,SAXO BANK A/S SUCURSAL EN ESPAÑA,W0081547B,PS,DE LA CASTELLANA,42,PL. 2,28046,MADRID,,DK,910020940,910020946,WWW.SAXOTRADER.ES,28,,N,,12,SAXO BANK A/S S.E.,SAXO BANK A/S,"PS. DE LA CASTELLANA, 42 PL. 2"
SECC,1512,"ELAVON FINANCIAL SERVICES LIMITED, S.E.","ELAVON FINANCIAL SERVICES LIMITED, SUCURSAL EN ESPAÑA",W0071818I,CL,ANTONIO GONZALEZ ECHARTE,1,EDIF. HANSA URBANA,28029,MADRID,,IE,914176946,915562880,,28,,N,,12,ELAVON FINANCIAL SERVICES LIMITED,ELAVON,"CL. ANTONIO GONZALEZ ECHARTE, 1 EDIF. HANSA URBANA"
SECC,1513,"CAIXA GERAL DE DEPOSITOS, S.A. SUCURSAL EN ESPAÑA","CAIXA GERAL DE DEPOSITOS, S.A. SUCURSAL EN ESPAÑA",W0103739I,CL,JUAN IGNACIO LUCA DE TENA,1,,28027,MADRID,,PT,913099023,913209275,,28,,N,,12,"CAIXA GERAL DE DEPOSITOS, S.A. SE",CAIXA GERAL SE,"CL. JUAN IGNACIO LUCA DE TENA, 1"
SECC,1514,"CNH FINANCIAL SERVICES, S.E.","CNH FINANCIAL SERVICES, SUCURSAL EN ESPAÑA",W0103662C,AV,JOSE GARATE,11,,28820,COSLADA,MADRID,FR,916603800,916602260,,28,,N,,12,"CNH FINANCIAL SERVICES, S.E.",CNH,"AV. JOSE GARATE, 11"
SECC,1542,"J.P. MORGAN SECURITIES PLC, S.E.","J.P. MORGAN SECURITIES PLC, SUCURSAL EN ESPAÑA",W0068121C,CL,JOSE ORTEGA Y GASSET,29,,28006,MADRID,,GB,915161200,915161616,,28,,N,,12,"J.P. MORGAN SECURITIES PLC, S.E.",J.P. MORGAN SEC,"CL. JOSE ORTEGA Y GASSET, 29"
OR,1123,BANCO DE LA NACION ARGENTINA,BANCO DE LA NACION ARGENTINA,A08168908,CL,NUÑEZ DE BALBOA,73,,28001,MADRID,,AR,915763705,915766142,BNA@BNA.COM.ES,28,,N,,12,BANCO DE LA NACION ARGENTINA,NAC. ARGENTINA,"CL. NUÑEZ DE BALBOA, 73"
OR,1137,BANQUE CENTRALE POPULAIRE,BANQUE CENTRALE POPULAIRE,N2041007B,CL,VELAZQUEZ,34,PL. 1,28001,MADRID,,MA,915207066,915754699,,28,,N,,12,BANQUE CENTRALE POPULAIRE,CENT. POPULAIRE,"CL. VELAZQUEZ, 34 PL. 1"
OR,1149,ROYAL BANK OF CANADA,ROYAL BANK OF CANADA,N4041023E,CL,NUÑEZ DE BALBOA,4,PL. 1 - C,28001,MADRID,,CA,913100013,917811578,,28,,N,,12,ROYAL BANK OF CANADA,ROYAL BANK,"CL. NUÑEZ DE BALBOA, 4 PL. 1 - C"
OR,1156,THE BANK OF NEW YORK MELLON,THE BANK OF NEW YORK MELLON,N4001294J,CL,JOSE ABASCAL,45,PL. 4,28003,MADRID,,US,911775120,913192247,,28,,N,IRVTESM1XXX,12,THE BANK OF NEW YORK MELLON,NEW YORK MELLON,"CL. JOSE ABASCAL, 45 PL. 4"
OR,1164,ESPIRITO SANTO BANK OF FLORIDA,ESPIRITO SANTO BANK OF FLORIDA,N4001572I,CL,SERRANO,88,,28006,MADRID,,US,914005009,914005072,,28,,N,ESBFESM1XXX,12,ESPIRITO SANTO BANK OF FLORIDA,ESPIRITO SANTO,"CL. SERRANO, 88"
OR,1193,PKB PRIVATBANK AG.,PKB PRIVATBANK AG.,N0361124A,CL,ORQUIDEA,43,LA MORALEJA,28100,ALCOBENDAS,MADRID,CH,915829100,915829114,,28,,N,PKBSES21XXX,12,PKB PRIVATBANKAG.,PKB PRIVATBANK,"CL. ORQUIDEA, 43 LA MORALEJA"
OR,1202,"WELLS FARGO BANK, NA","WELLS FARGO BANK, NA",N4005536J,PZ,PABLO RUIZ PICASSO,1,TORRE PICASSO,28020,MADRID,,US,915768376,915782583,,28,,N,,12,"WELLS FARGO BANK, NA",WELLS FARGO,"PZ. PABLO RUIZ PICASSO, 1 TORRE PICASSO"
OR,1236,LANDESBANK HESSEN-THUERINGEN GIROZENTRALE,LANDESBANK HESSEN-THUERINGEN GIROZENTRALE,N0041815B,CL,GENERAL CASTAÑOS,4,BAJO DCHA.,28004,MADRID,,DE,913911004,913911132,,28,,N,HELAESM1XXX,12,LANDESBANK HESSEN-THUERINGEN GIROZ.,LANDESBANK,"CL. GENERAL CASTAÑOS, 4 BAJO DCHA."
OR,1246,"PRIMER B. AH. Y PREST. VIV. FAM., S.A. (VIVIBANCO)","PRIMER BANCO AHORRO Y PRESTAMO VIVIENDA FAMILIAR, S.A. (VIVIBANCO)",N4161003A,AV,GRAN VIA CARLOS III,94,"PL. 5, 1 - ED. TRADE",08028,BARCELONA,,GT,934900847,933397801,,08,VIVIBANCO,S,,9,"PRIMER B. A. P. V. F.,SA(VIVIBANCO)",VIVIBANCO,"AV. GRAN VIA CARLOS III, 94 PL. 5, 1 - ED. TRADE"
OR,1247,SUMITOMO MITSUI BANKING CORPORATION,SUMITOMO MITSUI BANKING CORPORATION,N7321216I,CL,VILLANUEVA,12,PL. 1 - B,28001,MADRID,,JP,915766196,915777525,,28,,N,,12,SUMITOMO MITSUI BANKING CORPORATION,SMBC,"CL. VILLANUEVA, 12 PL. 1 - B"
OR,1249,NORWICH AND PETERBOROUGH BUILDING SOCIETY,NORWICH AND PETERBOROUGH BUILDING SOCIETY,B11461936,CL,PIRANDELLO,16,PL 5,29010,MALAGA,MALAGA,GB,952345400,952348656,,29,,N,NPBSES21XXX,1,NORWICH AND PETERBOROUGH BUILDING S,NORWICH,"CL. PIRANDELLO, 16 PL 5"
OR,1251,PRIVATBANK IHAG ZURICH,PRIVATBANK IHAG ZÜRICH,N0391069B,AV,CLEMENTE DIAZ RUIZ,10,,29640,FUENGIROLA,MALAGA,CH,952466568,952469470,,29,,N,IHZUES21XXX,1,PRIVATBANK IHAG ZURICH,PRIVATBANK IHAG,"AV. CLEMENTE DIAZ RUIZ, 10"
OR,1255,AAREAL BANK AG,AAREAL BANK AG,N0042512D,PS,DE LA CASTELLANA,60,PL. 4D,28046,MADRID,,DE,917000850,913100791,,28,,N,AARBESM1XXX,12,AAREAL BANK AG,AAREAL BANK AG,"PS. DE LA CASTELLANA, 60 PL. 4D"
OR,1259,WESTDEUTSCHE IMMOBILIENBANK AG,WESTDEUTSCHE IMMOBILIENBANK AG,N0301680E,CL,SERRANO,37,PL. 5,28001,MADRID,,DE,914328032,914328051,,28,,N,,12,WESTDEUTSCHE IMMOBILIENBANKAG,WESIMM,"CL. SERRANO, 37 PL. 5"
OR,1260,"NORDEA BANK, S.A.","NORDEA BANK, S.A.",N0081049I,,"CENTRO COMERCIAL PLAZA, OFIC.","17,E",,29660,NUEVA ANDALUCIA- MARBELLA,MALAGA,LU,952816925,952816954,,29,,N,,1,"NORDEA BANK, S.A.","NORDEA BANK,SA","CENTRO COMERCIAL PLAZA, OFIC., 17,E"
OR,1261,LGT BANK (SCHWEIZ) AG,LGT BANK (SCHWEIZ) AG,N0391292J,CL,CLAUDIO COELLO,88,PL 1,28006,MADRID,,CH,917816299,0,,28,,N,,12,LGT BANK (SCHWEIZ) AG,LGT BANK,"CL. CLAUDIO COELLO, 88 PL 1"
OR,1267,NYKREDIT REALKREDIT A/S,NYKREDIT REALKREDIT A/S,N0081361H,,"CENTRO COMERCIAL PLAZA, LOCAL",26,,29660,NUEVA ANDALUCIA - MARBELLA,MALAGA,DK,952905150,952818528,,29,,N,,1,NYKREDIT REALKREDIT A/S,NYKREDIT,"CENTRO COMERCIAL PLAZA, LOCAL, 26"
OR,1272,BANKHAUS JUNGHOLZ AG,BANKHAUS JUNGHOLZ AG,N0391580H,CL,MARQUES DE CAMPO,16,PL. 4,03700,DENIA,ALICANTE,CH,966431991,966432791,,03,,N,,15,BANKHAUS JUNGHOLZ AG,BANKHAUS JUNGHO,"CL. MARQUES DE CAMPO, 16 PL. 4"
OR,1275,DEKABANK DEUTSCHE GIROZENTRALE,DEKABANK DEUTSCHE GIROZENTRALE,W0043967I,PS,DE LA CASTELLANA,141,PL.8. ED.CUZCO IV,28046,MADRID,,DE,915726693,915726621,,28,,N,,12,DEKABANK DEUTSCHE GIROZENTRALE,DEKABANK,"PS. DE LA CASTELLANA, 141 PL.8. ED.CUZCO IV"
OR,1277,"BANCOLOMBIA, S.A.","BANCOLOMBIA, S.A.",N4801058A,PS,DE LA CASTELLANA,134,PL. 1 DCHA,28046,MADRID,,CO,915216666,915216631,,28,,N,,12,"BANCOLOMBIA, S.A.",BANCOLOMBIA,"PS. DE LA CASTELLANA, 134 PL. 1 DCHA"
OR,1280,DEUTSCHE HYPOTHEKENBANK AG,DEUTSCHE HYPOTHEKENBANK (ACTIEN- GESELLSCHAFT),N0044213G,CL,MARIA DE MOLINA,40,,28006,MADRID,,DE,917452642,914116183,,28,,N,,12,DEUTSCHE HYPOTHEKENBANK AG,DEUTSCHE HYPOTH,"CL. MARIA DE MOLINA, 40"
OR,1281,"LANDSBANKI LUXEMBOURG, S.A.(EN SUSPENSION PAGOS)","LANDSBANKI LUXEMBOURG, S.A. (EN SUSPENSION DE PAGOS)",N0181060E,,CENTRO COMERCIAL PLAZA,,"PL. 1, OFIC. 4",29660,"NUEVA ANDALUCIA, MARBELLA",MALAGA,LU,952812890,952929222,,29,,N,,1,"LANDSBANKI LUXEMBOURG, SA (EN SUSPE",LANDSBANKI,"CENTRO COMERCIAL PLAZA,  PL. 1, OFIC. 4"
OR,1282,"BANCO DE GUAYAQUIL, S.A.","BANCO DE GUAYAQUIL, S.A.",N5001053G,CL,PEDRO TEIXEIRA,8,,28020,MADRID,,EC,914179302,914179297,,28,,N,,12,"BANCO DE GUAYAQUIL, S.A.","B.GUAYAQUIL,SA","CL. PEDRO TEIXEIRA, 8"
OR,1283,BANCO PICHINCHA C.A.,BANCO PICHINCHA C.A.,N5001054E,CL,ALCALA,79,LOCAL,28009,MADRID,,EC,915488396,915411004,,28,,N,,12,BANCO PICHINCHA C.A.,B. PICHINCHA,"CL. ALCALA, 79 LOCAL"
OR,1286,BANCO BOLIVARIANO C.A.,BANCO BOLIVARIANO C.A.,N5001059D,CL,LAGASCA,73,"PL. 1, OFICINA G",28001,MADRID,,EC,914323486,915784249,,28,,N,,12,BANCO BOLIVARIANO C.A.,BOLIVARIANO,"CL. LAGASCA, 73 PL. 1, OFICINA G"
OR,1284,SCHRODER & CO. BANK AG,SCHRODER & CO. BANK AG,N0391856B,CL,PINAR,7,PL. 4,28006,MADRID,,CH,915901291,0,,28,,N,,12,SCHRODER & CO. BANK AG,SCHRODER & CO.,"CL. PINAR, 7 PL. 4"
OR,1285,"BANCO ITAU BBA INTERNATIONAL, S.A.","BANCO ITAU BBA INTERNATIONAL, S.A.",W0103158B,CL,PINAR,7,PL. 2 PTA. DCHA.,28006,MADRID,,PT,914186953,914186999,,28,,N,,12,"BANCO ITAU BBA INTERNATIONAL, S.A.",ITAÚ BBA,"CL. PINAR, 7 PL. 2 PTA. DCHA."
OR,1287,RBC EUROPE LIMITED,RBC EUROPE LIMITED,W4041220G,CL,CALENDULA,93,"MINIPARC III, EDIF.E",28109,EL SOTO DE LA MORALEJA,MADRID,GB,917902400,917912901,,28,,N,,12,RBC EUROPE LIMITED,RBC EUROPE LIMI,"CL. CALENDULA, 93 MINIPARC III, EDIF.E"
OR,1291,MIZUHO CORPORATE BANK NEDERLAND N.V.,MIZUHO CORPORATE BANK NEDERLAND N.V.,N0034615E,CL,ORENSE,34,PL. 6,28020,MADRID,,NL,915982905,917702333,,28,,N,,12,MIZUHO CORPORATE BANK NEDERLAND N.V,MIZUHO CO. BANK,"CL. ORENSE, 34 PL. 6"
OR,1293,"BANQUE INTERNATIONALE POUR LE MALI, S.A.","BANQUE INTERNATIONALE POUR LE MALI, S.A.",W2321004J,CL,RONDA DE SEGOVIA,42,,28005,MADRID,,ML,652539821,0,,28,BIM SA,S,,12,"BANQUE INTERNATIONALE POUR MALI,SA",BIM SA,"CL. RONDA DE SEGOVIA, 42"
OR,1294,"BANCO GANADERO, S.A.","BANCO GANADERO, S.A.",W5161047E,CL,ORENSE,85,,28020,MADRID,,BO,915006790,0,,28,,N,,12,"BANCO GANADERO, S.A.",BANCO GANADERO,"CL. ORENSE, 85"
OR,1295,"PAYPAL (EUROPE) S.Á.R.L. Y CIE, S.C.A.","PAYPAL (EUROPE) S.Á.R.L. Y CIE, S.C.A.",N0181894G,AV,DE EUROPA,4,,28108,ALCOBENDAS,MADRID,LU,917901000,917901095,,28,,N,,12,"PAYPAL (EUROPE) S.Á.R.L. Y CIE, S.C",PAYPAL (EUROPE),"AV. DE EUROPA, 4"
OR,1296,LEEDS BUILDING SOCIETY,LEEDS BUILDING SOCIETY,N8260357B,AV,DE ARAGON,330,"PE.MERCEDES, E.5,PL3",28022,MADRID,,GB,915625152,0,,28,,N,,12,LEEDS BUILDING SOCIETY,LEEDS BUILDING,"AV. DE ARAGON, 330 PE.MERCEDES, E.5,PL3"
OR,1297,F. VAN LANSCHOT BANKIERS N.V.,F. VAN LANSCHOT BANKIERS N.V.,N0033709G,CL,LAS HORTENSIAS(NUEVA ANDALUCIA,29,VILLA ARIADNE,29660,MARBELLA,MALAGA,NL,952062630,952052631,,29,,N,,1,F. VAN LANSCHOT BANKIERS N.V.,F. VAN LANSCHOT,"CL. LAS HORTENSIAS(NUEVA ANDALUCIA, 29 VILLA ARIADNE"
OR,1298,SOCIETE GENERALE MAROCAINE DE BANQUES,SOCIETE GENERALE MAROCAINE DE BANQUES,W2041130B,PZ,PABLO RUIZ PICASSO,1,,28020,MADRID,,MA,696921070,915893976,,28,,N,,12,SOCIETE GENERALE MAROCAINE DE BANQ,SOC.GRAL.MARRO,"PZ. PABLO RUIZ PICASSO, 1"
OR,1299,"BANCO L.J. CARREGOSA, S.A.","BANCO L.J. CARREGOSA, S.A.",N0105590D,CL,HERMOSILLA,91,PL. BAJO B,28001,MADRID,,PT,914356230,0,,28,,N,,12,"BANCO L.J. CARREGOSA, S.A.",L.J. CARREGOSA,"CL. HERMOSILLA, 91 PL. BAJO B"
OR,1300,ABN AMRO BANK N.V.,ABN AMRO BANK N.V.,W0035709E,AV,JOSE BANUS EDF. MALAGA,S/N,LOCAL 2B,29660,MARBELLA,MALAGA,NL,952908843,952814880,,29,,N,,1,ABN AMRO BANK N.V.,ABN AMRO BANK,"AV. JOSE BANUS EDF. MALAGA, S/N LOCAL 2B"
OR,1310,"BANQUE DE DEVELOPPEMENT DU MALI, S.A","BANQUE DE DEVELOPPEMENT DU MALI, S.A.",W2321006E,CL,CRISTOBAL LOPEZ LUPIAÑEZ,11,,04006,ALMERIA,,ML,671894819,0,,04,,N,,1,"BANQUE DE DEVELOPPEMENT DU MALI, SA",DEVELOPP. MALI,"CL. CRISTOBAL LOPEZ LUPIAÑEZ, 11"
OR,1312,"BANQUE PRIVEE ESPIRITO SANTO, S.A.","BANQUE PRIVEE ESPIRITO SANTO, S.A.",N0106341A,CL,ZURBANO,34,"PL. 2, PTA. DR.",28010,MADRID,,CH,914231180,914231199,,28,BANQUE PRIVEE,S,,12,"BANQUE PRIVEE ESPIRITO SANTO, S.A.",BANQUE PRIVEE,"CL. ZURBANO, 34 PL. 2, PTA. DR."
OR,1313,CORPBANCA,CORPBANCA,N5121207D,CL,VELAZQUEZ,94,PL. 1,28006,MADRID,,CL,917817010,917817020,,28,,N,,12,CORPBANCA,CORPBANCA,"CL. VELAZQUEZ, 94 PL. 1"
OR,1314,"FINANCIERA INTERNACIONAL, S.A. CíA FINANCIAMIENTO","FINANCIERA INTERNACIONAL, S.A. COMPAÑIA DE FINANCIAMIENTO",W4801140G,CL,MARQUES DE URQUIJO,47,"PL. 7, PTA. B",28008,MADRID,,CO,917817407,914358540,,28,,N,,12,"FINANCIERA INTERNACIONAL, S.A.",FINAN. INTER.,"CL. MARQUES DE URQUIJO, 47 PL. 7, PTA. B"
OR,1315,"SVENSKA HANDELSBANKEN, S.A.","SVENSKA HANDELSBANKEN, S.A.",W0182450G,,CENTRO PLAZA,OFICINA 2,NUEVA ANDALUCIA,29660,MARBELLA,MALAGA,LU,952817550,952817567,,29,,N,,1,"SVENSKA HANDELSBANKEN, S.A.",SVENSKA,"CENTRO PLAZA, OFICINA 2 NUEVA ANDALUCIA"
BP,0031,"BANCO ETCHEVERRIA, S.A.","BANCO ETCHEVERRIA, S.A.",A15011885,,CANTON CLAUDINO PITA,2,,15300,BETANZOS,A CORUÑA,ES,981220042,981220128,WWW.BANCOETCHEVERRIA.ES,15,,N,ETCHES2GXXX,11,"BANCO ETCHEVERRIA, S.A.",ETCHEVERRIA,"CANTON CLAUDINO PITA, 2"
CC,3115,"CAJA R. 'NUESTRA MADRE DEL SOL', S.C.A.C.","CAJA RURAL 'NUESTRA MADRE DEL SOL', S. COOP. ANDALUZA DE CREDITO",F14011399,CL,ALTO GUADALQUIVIR,4,,14430,ADAMUZ,CORDOBA,ES,957166028,957166313,,14,,N,BCOEESMM115,1,"CAJA R.""NUESTRA MADRE DEL SOL"",SCAC",CR N. MADRE SOL,"CL. ALTO GUADALQUIVIR, 4"
EFC,8829,"KOMATSU FINANCIAL SPAIN, E.F.C., S.A.","KOMATSU FINANCIAL SPAIN, E.F.C., S.A.",A85075596,CL,JOSE BARDASANO BAOS,9,PL. 5,28016,MADRID,,ES,913848155,913848169,,28,,N,,12,"KOMATSU FINANCIAL SPAIN, EFC, SA",KOMATSU FIN.EFC,"CL. JOSE BARDASANO BAOS, 9 PL. 5"
OR,1177,CREDIT INDUSTRIEL ET COMMERCIAL,CREDIT INDUSTRIEL ET COMMERCIAL,N0011186D,CL,CLAUDIO COELLO,123,PL. 6,28006,MADRID,,FR,913103281,913082983,,28,,N,,12,CREDIT INDUSTRIEL ET COMMERCIAL,CIC BANQUES,"CL. CLAUDIO COELLO, 123 PL. 6"
OR,1311,AS PRIVATBANK,AS PRIVATBANK,N0541013I,CL,BELMONTE DE TAJO,61,PLANTA BAJA,28019,MADRID,,LV,912252452,912593076,WWW.PRIVATBANK.LV,28,PRIVATBANK,S,,12,AS PRIVATBANK,PRIVATBANK,"CL. BELMONTE DE TAJO, 61 PLANTA BAJA"
SECC,1522,"EFG BANK (LUXEMBOURG) S.A., S.E.","EFG BANK (LUXEMBOURG) S.A., SUCURSAL EN ESPAÑA",W0181636B,CL,JOAQUIN COSTA,26,,28002,MADRID,,LU,913089370,915760964,,28,,N,EFGBESMMXXX,12,"EFG BANK (LUXEMBOURG) S.A., S.E.",EFG BANK (LUXEM,"CL. JOAQUIN COSTA, 26"
SECC,1523,"MERCEDES-BENZ BANK AG, SUCURSAL EN ESPAÑA","MERCEDES-BENZ BANK AG, SUCURSAL EN ESPAÑA",W0045551I,AV,DE BRUSELAS,30,,28108,ALCOBENDAS,MADRID,DE,914846000,914846001,,28,,N,,12,"MERCEDES-BENZ BANK AG, S.E.",MERCEDES-BENZ B,"AV. DE BRUSELAS, 30"
SECC,1525,"BANQUE CHAABI DU MAROC, S.E.","BANQUE CHAABI DU MAROC, SUCURSAL EN ESPAÑA",W0015442G,AV,DEL DOCTOR ARCE,35,,28002,MADRID,,FR,915630648,915630220,WWW.CHAABIBANK.ES,28,,N,BCDMESM1XXX,12,"BANQUE CHAABI DU MAROC, S.E.",BANQUE CHAABI,"AV. DEL DOCTOR ARCE, 35"
SECC,1528,"JCB FINANCE, S.A.S., S. E.","JCB FINANCE, S.A.S., SUCURSAL EN ESPAÑA",W0015663H,CL,RETAMA,3,,28045,MADRID,,FR,914682048,915273975,,28,,N,,12,"JCB FINANCE, S.A.S., S. E.",JCB FINANCE,"CL. RETAMA, 3"
SECC,1529,"MCE BANK GMBH, S.E.","MCE BANK GMBH, SUCURSAL EN ESPAÑA",W0046152E,CL,FRANCISCO GERVAS,4,,28108,ALCOBENDAS,MADRID,DE,914903035,913873425,,28,,N,,12,"MCE BANK GMBH, S.E.",MCE BANK,"CL. FRANCISCO GERVAS, 4"
SECC,1530,"SOFINLOC INSTITUIÇAO FINANCEIRA DE CTO., S.A.,S.E.","SOFINLOC INSTITUIÇAO FINANCEIRA DE CREDITO, S.A., SUCURSAL EN ESPAÑA",W0104961H,AV,MENENDEZ PELAYO,67,"LOCAL 20, PL. BAJA",28009,MADRID,,PT,915572300,915575605,,28,,N,,12,"SOFINLOC INSTITUIÇAO FIN.CTO,SA,SE",SOFINLOC INSTIT,"AV. MENENDEZ PELAYO, 67 LOCAL 20, PL. BAJA"
SECC,1531,"CREDIT SUISSE INTERNATIONAL,S.E.","CREDIT SUISSE INTERNATIONAL, SUCURSAL EN ESPAÑA",W8260387I,CL,AYALA,42,PL. 3B,28001,MADRID,,GB,917915907,917916009,,28,,N,,12,"CREDIT SUISSE INTERNATIONAL,S.E.",CREDIT SUISSE I,"CL. AYALA, 42 PL. 3B"
SECC,1532,"BNP PARIBAS FACTOR, S.A. S.E.","BNP PARIBAS FACTOR, S.A. SUCURSAL EN ESPAÑA",W0016167I,CL,RIBERA DEL LOIRA,28,,28042,MADRID,,FR,913888904,913888543,,28,,N,,12,"BNP PARIBAS FACTOR, S.A. S.E.",BNP PARIBAS FAC,"CL. RIBERA DEL LOIRA, 28"
SECC,1533,"BMW BANK GMBH, SUCURSAL EN ESPAÑA","BMW BANK GMBH, SUCURSAL EN ESPAÑA",W0047044C,AV,DE BURGOS,118,,28050,MADRID,,DE,913350700,913350706,,28,,N,,12,"BMW BANK GMBH,S.E.",BMW BANK,"AV. DE BURGOS, 118"
SECC,1536,OREY FINANCIAL-INSTITUIÇAO FINANC. CTO. S.A. S.E.,"OREY FINANCIAL-INSTITUIÇAO FINANCEIRA DE CREDITO, S.A. SUCURSAL EN ESPAÑA",W0104784D,,CARRERA DE SAN JERONIMO,17,,28014,MADRID,,PT,911269055,913896493,WWW.OREYITRADE.ES,28,,N,,12,"OREY FINANCIAL- IFIC, S.E.",OREY FINANCIAL,"CARRERA DE SAN JERONIMO, 17"
SECC,1538,"INDUSTRIAL & COMMERCIAL BANK OF CHINA(EUROPE)SA,SE","INDUSTRIAL AND COMMERCIAL BANK OF CHINA (EUROPE) S.A., SUCURSAL EN ESPAÑA",W0182368A,PS,RECOLETOS,3,,28004,MADRID,,LU,912168888,912168866,WWW.ICBC.COM.ES,28,ICBC (EUROPE),S,ICBKESMMXXX,12,INDUST.COMMERC. BANK CHINA (EUROPE),ICBC (EUROPE),"PS. RECOLETOS, 3"
SECC,1539,"BIGBANK AS CONSUMER FINANCE, S.E.","BIGBANK AS CONSUMER FINANCE, SUCURSAL EN ESPAÑA",W0531072G,CL,ORENSE,81,"PL. 3, PTA. 1",28020,MADRID,,EE,0,0,INFO@BIGBANK.ES,28,,N,,12,"BIGBANK AS CONSUMER FINANCE, S.E.",BIGBANK AS CONS,"CL. ORENSE, 81 PL. 3, PTA. 1"
SECC,1544,"ANDBANC LUXEMBOURG, S.A., SUCURSAL EN ESPAÑA","ANDBANC LUXEMBOURG, S.A., SUCURSAL EN ESPAÑA",W0182803G,PS,DE LA CASTELLANA,55,PL. 3,28046,MADRID,,LU,912062850,912062879,,28,,N,BACAESMMXXX,12,"ANDBANC LUXEMBOURG, S.A., S.E.",ANDBANC S.E.,"PS. DE LA CASTELLANA, 55 PL. 3"
SECE,0160,"THE BANK OF TOKYO-MITSUBISHI UFJ, LTD, S.E.","THE BANK OF TOKYO-MITSUBISHI UFJ, LTD., SUCURSAL EN ESPAÑA",W7321065J,CL,JOSE ORTEGA Y GASSET,29,PL. 3,28006,MADRID,,JP,914328500,914328597,,28,,N,BOTKESMXXXX,12,THE BANK OF TOKYO-MITSUBISHI UFJ,TOKYO-MITSUBISH,"CL. JOSE ORTEGA Y GASSET, 29 PL. 3"
SECE,0161,"DEUTSCHE BANK TRUST COMPANY AMERICAS, S.E.","DEUTSCHE BANK TRUST COMPANY AMERICAS, SUCURSAL EN ESPAÑA",N4001091J,PS,DE LA CASTELLANA,31,,28046,MADRID,,US,915387500,915387599,,28,,N,BKTRESM1XXX,12,DEUTSCHE BANK TRUST COMPANY AMERICA,DB-TRUST COMPAN,"PS. DE LA CASTELLANA, 31"
SECE,0169,"BANCO DE LA NACION ARGENTINA, S.E.","BANCO DE LA NACION ARGENTINA, SUCURSAL EN ESPAÑA",W5281004A,CL,NUÑEZ DE BALBOA,73,,28001,MADRID,,AR,915763703,915766142,,28,,N,NACNESMMXXX,12,"BANCO DE LA NACION ARGENTINA, S.E.",NACION ARGENT.,"CL. NUÑEZ DE BALBOA, 73"
CO,1000,INSTITUTO DE CREDITO OFICIAL,INSTITUTO DE CREDITO OFICIAL,Q2876002C,PS,DEL PRADO,4,,28014,MADRID,,ES,915921600,915921700,,28,ICO,S,ICROESMMXXX,12,INSTITUTO DE CREDITO OFICIAL,ICO,"PS. DEL PRADO, 4"
BP,0003,"BANCO DE DEPOSITOS, S.A.","BANCO DE DEPOSITOS, S.A.",A07001027,CL,JOSE ORTEGA Y GASSET,29,,28006,MADRID,,ES,914352175,915752296,,28,,N,BDEPESM1XXX,12,"BANCO DE DEPOSITOS, S.A.",B. DEPOSITOS,"CL. JOSE ORTEGA Y GASSET, 29"
BP,0011,"ALLFUNDS BANK, S.A.","ALLFUNDS BANK, S.A.",A41001371,CL,ESTAFETA,6,LA MORALEJA,28109,ALCOBENDAS,MADRID,ES,912746400,912746464,WWW.ALLFUNDSBANK.COM,28,,N,ALLFESMMXXX,12,"ALLFUNDS BANK, S.A.",ALLFUNDS BANK,"CL. ESTAFETA, 6 LA MORALEJA"
BP,0019,"DEUTSCHE BANK, S.A.E.","DEUTSCHE BANK, SOCIEDAD ANONIMA ESPAÑOLA",A08000614,PS,DE LA CASTELLANA,18,,28046,MADRID,,ES,913355600,913351168,WWW.DEUTSCHE-BANK.ES,28,DB-S.A.E.,S,DEUTESBBXXX,12,"DEUTSCHE BANK, S.A.E.",DB-S.A.E.,"PS. DE LA CASTELLANA, 18"
BP,0046,"BANCO GALLEGO, S.A.","BANCO GALLEGO, S.A.",A80042112,CL,HORREO,38,,15702,SANTIAGO DE COMPOSTELA,A CORUÑA,ES,981581000,981937742,WWW.BANCOGALLEGO.ES,15,,N,GALEES2GXXX,11,"BANCO GALLEGO, S.A.",BANCO GALLEGO,"CL. HORREO, 38"
BP,0057,"BANCO DEPOSITARIO BBVA, S.A.","BANCO DEPOSITARIO BBVA, S.A.",A08109670,CL,CLARA DEL REY,26,,28002,MADRID,,ES,913743000,913747197,,28,,N,BVADESMMXXX,12,"BANCO DEPOSITARIO BBVA, S.A.",DEPOSITARIOBBVA,"CL. CLARA DEL REY, 26"
BP,0058,"BNP PARIBAS ESPAÑA, S.A.","BNP PARIBAS ESPAÑA, S.A.",A28000370,CL,RIBERA DEL LOIRA,28,PL.4,28042,MADRID,,ES,913888070,913888543,WWW.BANCAPRIVADA.BNPPARIBAS.ES,28,,N,BNPAESMMXXX,12,"BNP PARIBAS ESPAÑA, S.A.","BNP PARIBAS, SA","CL. RIBERA DEL LOIRA, 28 PL.4"
BP,0065,"BARCLAYS BANK, S.A.","BARCLAYS BANK, S.A.",A47001946,PZ,DE COLON,1,,28046,MADRID,,ES,913361000,913361282,WWW.BARCLAYS.ES,28,,N,BARCESMMXXX,12,"BARCLAYS BANK, S.A.",BARCLAYS BANK,"PZ. DE COLON, 1"
BP,0075,"BANCO POPULAR ESPAÑOL, S.A.","BANCO POPULAR ESPAÑOL, S.A.",A28000727,CL,VELAZQUEZ,34,,28001,MADRID,,ES,915207000,915779208,WWW.BANCOPOPULAR.ES,28,,N,POPUESMMXXX,12,"BANCO POPULAR ESPAÑOL, S.A.",POPULAR ESPAÑOL,"CL. VELAZQUEZ, 34"
BP,0078,"BANCA PUEYO, S.A.","BANCA PUEYO, S.A.",A06001671,CL,SANTA MARIA DE GUADALUPE,2,,06700,VILLANUEVA DE LA SERENA,BADAJOZ,ES,924846000,924844652,WWW.BANCAPUEYO.ES,06,,N,BAPUES22XXX,10,"BANCA PUEYO, S.A.",BANCA PUEYO,"CL. SANTA MARIA DE GUADALUPE, 2"
BP,0086,"BANCO BANIF, S.A.","BANCO BANIF, S.A.",A33003088,PS,DE LA CASTELLANA,53,,28046,MADRID,,ES,915208500,915208550,WWW.BANIF.ES,28,,N,NORTESMMXXX,12,"BANCO BANIF, S.A.",BANIF,"PS. DE LA CASTELLANA, 53"
BP,0091,"BANCO DE ALBACETE, S.A.","BANCO DE ALBACETE, S.A.",A02000974,AV,DE CANTABRIA,S/N,CIUDAD GRP.SANTANDER,28660,BOADILLA DEL MONTE,MADRID,ES,913422881,913422884,,28,,N,,12,"BANCO DE ALBACETE, S.A.",BANCO ALBACETE,"AV. DE CANTABRIA, S/N CIUDAD GRP.SANTANDER"
BP,0099,"BANKIA BANCA PRIVADA, S.A.","BANKIA BANCA PRIVADA, S.A.",A33001215,CL,MARIA DE MOLINA,39,,28006,MADRID,,ES,913915380,913915390,WWW.BANKIABANCAPRIVADA.ES,28,,N,AHCRESVVXXX,12,"BANKIA BANCA PRIVADA, S.A.",BANKIA B.P.,"CL. MARIA DE MOLINA, 39"
BP,0113,"BANCO INDUSTRIAL DE BILBAO, S.A.","BANCO INDUSTRIAL DE BILBAO, S.A.",A48036990,CL,GRAN VIA DON DIEGO LOPEZ HARO,12,,48009,BILBAO,BIZKAIA,ES,944875429,944874448,,48,,N,INBBESM1XXX,16,"BANCO INDUSTRIAL DE BILBAO, S.A.",INDUST. BILBAO,"CL. GRAN VIA DON DIEGO LOPEZ HARO, 12"
BP,0115,"BANCO DE CASTILLA-LA MANCHA, S.A.","BANCO DE CASTILLA-LA MANCHA, S.A.",A15011489,PQ,DE SAN JULIAN,20,,16001,CUENCA,,ES,969177300,969223568,,16,,N,,8,"BANCO DE CASTILLA-LA MANCHA, S.A.",BANCO CLM,"PQ. DE SAN JULIAN, 20"
BP,0121,"BANCO OCCIDENTAL, S.A.","BANCO OCCIDENTAL, S.A.",A28137958,PS,DE LA CASTELLANA,81,PL. 5,28046,MADRID,,ES,944875429,944874448,,28,,N,OCBAESM1XXX,12,"BANCO OCCIDENTAL, S.A.",OCCIDENTAL,"PS. DE LA CASTELLANA, 81 PL. 5"
BP,0128,"BANKINTER, S.A.","BANKINTER, S.A.",A28157360,PS,DE LA CASTELLANA,29,,28046,MADRID,,ES,913397500,913397522,WWW.EBANKINTER.COM,28,,N,BKBKESMMXXX,12,"BANKINTER, S.A.",BANKINTER,"PS. DE LA CASTELLANA, 29"
BP,0132,"BANCO DE PROMOCION DE NEGOCIOS, S.A. (PROMOBANC)","BANCO DE PROMOCION DE NEGOCIOS, S.A. (PROMOBANC)",A46062956,PS,DE LA CASTELLANA,81,,28046,MADRID,,ES,944875429,944874448,,28,,N,PRNEESM1XXX,12,BANCO DE PROMOCION DE NEGOCIOS,PROMOCION NEG.,"PS. DE LA CASTELLANA, 81"
BP,0133,"NUEVO MICRO BANK, S.A.","NUEVO MICRO BANK, S.A.",A65619421,CL,JUAN GRIS - TORRE CENTRO,10-18,COMPLE. TORRES CERDA,08014,BARCELONA,,ES,932813750,932813751,WWW.MICROBANKLACAIXA.COM,08,,N,MIKBESB1XXX,9,"NUEVO MICRO BANK, S.A.",MICRO BANK,"CL. JUAN GRIS - TORRE CENTRO, 10-18 COMPLE. TORRES CERDA"
BP,0138,"BANKOA, S.A.","BANKOA, S.A.",A20043717,AV,DE LA LIBERTAD,5,,20004,SAN SEBASTIAN,GIPUZKOA,ES,943410100,943429414,WWW.BANKOA.ES,20,,N,BKOAES22XXX,16,"BANKOA, S.A.",BANKOA,"AV. DE LA LIBERTAD, 5"
BP,0186,"BANCO MEDIOLANUM, S.A.","BANCO MEDIOLANUM, S.A.",A58640582,AV,DIAGONAL,668-670,,08034,BARCELONA,,ES,932535400,932535430,WWW.BANCOMEDIOLANUM.ES,08,BANCOMEDIOLANUM,S,BFIVESBBXXX,9,"BANCO MEDIOLANUM, S.A.",BANCOMEDIOLANUM,"AV. DIAGONAL, 668-670"
BP,0200,"PRIVAT BANK DEGROOF, S.A.","PRIVAT BANK DEGROOF, S.A.",A58891672,AV,DIAGONAL,464,,08006,BARCELONA,,ES,934458500,934458501,WWW.PRIVATBANK.ES,08,,N,PRVBESB1XXX,9,"PRIVAT BANK DEGROOF, S.A.",PRIVAT BANK,"AV. DIAGONAL, 464"
BP,0211,"EBN BANCO DE NEGOCIOS, S.A.","EBN BANCO DE NEGOCIOS, S.A.",A28763043,PS,DE RECOLETOS,29,,28004,MADRID,,ES,917009800,917009895,WWW.EBNBANCO.COM,28,,N,PROAESMMXXX,12,"EBN BANCO DE NEGOCIOS, S.A.",EBN BANCO,"PS. DE RECOLETOS, 29"
BP,0216,"TARGOBANK, S.A.","TARGOBANK, S.A.",A79223707,CL,CLAUDIO COELLO,123,,28006,MADRID,,ES,915902500,915759510,WWW.TARGOBANK.ES,28,,N,POHIESMMXXX,12,"TARGOBANK, S.A.","TARGOBANK, S.A.","CL. CLAUDIO COELLO, 123"
BP,0233,"POPULAR BANCA PRIVADA, S.A.","POPULAR BANCA PRIVADA, S.A.",A83114082,CL,JUAN IGNACIO LUCA DE TENA,11,,28027,MADRID,,ES,914189300,914189328,WWW.POPULARBANCAPRIVADA.ES,28,,N,POPIESMMXXX,12,"POPULAR BANCA PRIVADA, S.A.",POPULARBANCA,"CL. JUAN IGNACIO LUCA DE TENA, 11"
BP,0234,"BANCO CAMINOS, S.A.","BANCO CAMINOS, S.A.",A28520666,CL,ALMAGRO,8,,28010,MADRID,,ES,913193448,913085459,WWW.BANCOCAMINOS.ES,28,,N,CCOCESMMXXX,12,"BANCO CAMINOS, S.A.",BANCO CAMINOS,"CL. ALMAGRO, 8"
BP,0237,"BBK BANK CAJASUR, S.A.","BBK BANK CAJASUR, S.A.",A95622841,CL,GRAN VIA,23,,48001,BILBAO,BIZKAIA,ES,944017000,944878225,,48,,N,CSURES2CXXX,16,"BBK BANK CAJASUR, S.A.",BBKBANK CAJASUR,"CL. GRAN VIA, 23"
BP,0488,"BANCO FINANCIERO Y DE AHORROS, S.A.","BANCO FINANCIERO Y DE AHORROS, S.A.",A86085685,PS,DE LA CASTELLANA,189,,28046,MADRID,,ES,964356400,963322400,,28,,N,BFASESMMXXX,12,"BANCO FINANCIERO Y DE AHORROS, S.A.",BANCO F. Y AHO.,"PS. DE LA CASTELLANA, 189"
BP,2013,"CATALUNYA BANC, S.A.","CATALUNYA BANC, S.A.",A65587198,PZ,ANTONI MAURA,6,,08003,BARCELONA,,ES,934845000,934845141,WWW.CATALUNYACAIXA.COM,08,"CATALUNYA BANC,",S,CESCESBBXXX,9,"CATALUNYA BANC, S.A.","CATALUNYA BANC,","PZ. ANTONI MAURA, 6"
BP,2038,"BANKIA, S.A.","BANKIA, S.A",A14010342,CL,PINTOR SOROLLA,8,,46002,VALENCIA,,ES,913915380,913915414,WWW.BANKIA.COM,46,"BANKIA, S.A",S,CAHMESMMXXX,15,"BANKIA, S.A","BANKIA, S.A","CL. PINTOR SOROLLA, 8"
BP,2048,"LIBERBANK, S.A.","LIBERBANK, S.A.",A86201993,CL,CARRERA DE SAN JERONIMO,19,,28014,MADRID,,ES,914225800,914225842,,28,LIBERBANK,S,CECAESMM048,12,"LIBERBANK, S.A.",LIBERBANK,"CL. CARRERA DE SAN JERONIMO, 19"
BP,2080,"NCG BANCO, S.A.","NCG BANCO, S.A.",A70302039,CL,RUA NUEVA,30-32,,15003,A CORUÑA,,ES,981187000,981223562,,15,"NCG BANCO, S.A.",S,CAGLESMMVIG,11,"NCG BANCO, S.A.","NCG BANCO, S.A.","CL. RUA NUEVA, 30-32"
BP,2086,"BANCO GRUPO CAJATRES, S.A.","BANCO GRUPO CAJATRES, S.A.",A99298689,PS,ISABEL LA CATOLICA,6,,50009,ZARAGOZA,,ES,976718500,976718306,,50,,N,CECAESMM086,2,"BANCO GRUPO CAJATRES, S.A.",BANC.G.CAJATRES,"PS. ISABEL LA CATOLICA, 6"
CA,2056,COLONYA - CAIXA D'ESTALVIS DE POLLENSA,COLONYA - CAIXA D'ESTALVIS DE POLLENSA,G07000045,PZ,MAYOR,7,,07460,POLLENSA,ILLES BALEARS,ES,971530162,971530409,WWW.COLONYA.ES,07,COLONYA,S,CECAESMM056,4,COLONYA-CAIXA D'ESTALVIS POLLENSA,COLONYA,"PZ. MAYOR, 7"
CA,2401,CAJA DE AHORROS Y PENSIONES DE BARCELONA,CAJA DE AHORROS Y PENSIONES DE BARCELONA,G58899998,AV,DIAGONAL,621-629,,08028,BARCELONA,,ES,934046000,934046723,WWW.LACAIXA.ES,08,LA CAIXA,S,,9,C. AHORROS Y PENSIONES DE BARCELONA,LA CAIXA,"AV. DIAGONAL, 621-629"
CA,2402,CAJA DE AHORROS Y M.P. DE MADRID,CAJA DE AHORROS Y MONTE DE PIEDAD DE MADRID,G28029007,PZ,CELENQUE,2,,28013,MADRID,,ES,902246810,914239454,WWW.CAJAMADRID.ES,28,CAJA MADRID,S,,12,CAJA DE AHORROS Y M.P. DE MADRID,CAJA MADRID,"PZ. CELENQUE, 2"
CA,2404,CAJA INSULAR DE AHORROS DE CANARIAS,CAJA INSULAR DE AHORROS DE CANARIAS,G35000272,CL,TRIANA,20,,35002,LAS PALMAS,,ES,928002411,928442599,WWW.LACAJADECANARIAS.ES,35,,N,,5,CAJA INSULAR DE AHORROS DE CANARIAS,CAJA I.CANARIAS,"CL. TRIANA, 20"
CA,2405,CAIXA D'ESTALVIS LAIETANA,CAIXA D'ESTALVIS LAIETANA,G08169823,AV,LLUIS COMPANYS,44-60,,08302,MATARO,BARCELONA,ES,937417550,937551074,WWW.CAIXALAIETANA.ES,08,CAIXA LAIETANA,S,,9,CAIXA D'ESTALVIS LAIETANA,CAIXA LAIETANA,"AV. LLUIS COMPANYS, 44-60"
CA,2407,CAJA DE AHORROS Y M.P. DE AVILA,CAJA DE AHORROS Y MONTE DE PIEDAD DE AVILA,G05011846,PZ,SANTA TERESA,10,,05001,AVILA,,ES,920355300,920252528,WWW.CAJADEAVILA.ES,05,CAJA DE AVILA,S,,7,CAJA DE AHORROS Y M.P. DE AVILA,CAJA DE AVILA,"PZ. SANTA TERESA, 10"
CA,2411,"MPCA S.FERNANDO GUADALAJARA,HUELVA,JEREZ Y SEVILLA","MONTE DE PIEDAD Y CAJA DE AHORROS SAN FERNANDO DE GUADALAJARA, HUELVA, JEREZ Y SEVILLA",G91658039,PZ,SAN FRANCISCO,1,,41004,SEVILLA,,ES,954597100,955401755,WWW.CAJASOL.ES,41,CAJASOL,S,,1,MPCA S.FERNANDO GUAD.HUEL.JER.SEVI.,CAJASOL,"PZ. SAN FRANCISCO, 1"
CA,2412,CAJA GENERAL DE AHORROS DE CANARIAS,CAJA GENERAL DE AHORROS DE CANARIAS,G38001749,PZ,PATRIOTISMO,S/N,,38002,SANTA CRUZ DE TENERIFE,,ES,922471000,922284160,WWW.CAJACANARIAS.ES,38,,N,,5,CAJA GENERAL DE AHORROS DE CANARIAS,CAJA CANARIAS,"PZ. PATRIOTISMO, S/N"
CA,2413,CAJA DE AHORROS MUNICIPAL DE BURGOS,CAJA DE AHORROS MUNICIPAL DE BURGOS,G09000787,PZ,"DE LA LIBERTAD, P.CONDESTABLES",,CASA CORDON,09004,BURGOS,,ES,947258100,947258140,WWW.CAJADEBURGOS.ES,09,,N,,7,CAJA DE AHORROS MUNICIPAL DE BURGOS,CAJA DE BURGOS,"PZ. DE LA LIBERTAD, P.CONDESTABLES,  CASA CORDON"
CA,2420,"CAJA DE AHORROS Y M.P. DE ZARAGOZA, ARAGON Y RIOJA","CAJA DE AHORROS Y MONTE DE PIEDAD DE ZARAGOZA, ARAGON Y RIOJA (IBERCAJA)",G50000652,PZ,BASILIO PARAISO,2,,50008,ZARAGOZA,,ES,976767676,976216637,WWW.IBERCAJA.ES,50,IBERCAJA,S,,2,IBERCAJA,IBERCAJA,"PZ. BASILIO PARAISO, 2"
CA,2421,CAJA GENERAL DE AHORROS DE GRANADA,CAJA GENERAL DE AHORROS DE GRANADA,G18000802,AV,FERNANDO DE LOS RIOS,6,,18006,GRANADA,,ES,958244500,958274400,WWW.CAJAGRANADA.ES,18,LA GENERAL,S,,1,CAJA GENERAL DE AHORROS DE GRANADA,LA GENERAL,"AV. FERNANDO DE LOS RIOS, 6"
CA,2422,CAJA DE AHORROS DE MURCIA,CAJA DE AHORROS DE MURCIA,G30010185,CL,GRAN VIA ESCULTOR SALZILLO,23,,30005,MURCIA,,ES,968361600,968306160,WWW.CAJAMURCIA.ES,30,,N,,13,CAJA DE AHORROS DE MURCIA,CAJA DE MURCIA,"CL. GRAN VIA ESCULTOR SALZILLO, 23"
CA,2425,"CAJA ESPAÑA DE INVERSIONES, SALAMANCA Y SORIA,CAMP","CAJA ESPAÑA DE INVERSIONES, SALAMANCA Y SORIA, CAJA DE AHORROS Y MONTE DE PIEDAD",G24611485,PZ,SAN MARCELO,5,ED.BOTINES DE GAUDI,24002,LEON,,ES,987292500,987231026,,24,,N,,7,"CAJA ESPAÑA INV.,SALAMANCA Y SORIA",CAJA ESPAÑA,"PZ. SAN MARCELO, 5 ED.BOTINES DE GAUDI"
CA,2426,"MPCA RONDA,CADIZ,ALMERIA,MALAGA,ANTEQUERA Y JAEN","MONTE DE PIEDAD Y CAJA DE AHORROS DE RONDA, CADIZ, ALMERIA, MALAGA, ANTEQUERA Y JAEN (UNICAJA)",G93040566,AV,DE ANDALUCIA,10-12,,29007,MALAGA,,ES,952138000,952287698,WWW.UNICAJA.ES,29,UNICAJA,S,,1,UNICAJA,UNICAJA,"AV. DE ANDALUCIA, 10-12"
CA,2427,CAJA DE AHORROS DE LA INMACULADA DE ARAGON,CAJA DE AHORROS DE LA INMACULADA DE ARAGON,G50000819,AV,INDEPENDENCIA,10,,50004,ZARAGOZA,,ES,976718100,976718600,WWW.CAI.ES,50,CAI,S,,2,CAJA AHORROS INMACULADA DE ARAGON,CAI,"AV. INDEPENDENCIA, 10"
CA,2429,M.P. Y CAJA GENERAL AHORROS DE BADAJOZ,MONTE DE PIEDAD Y CAJA GENERAL DE AHORROS DE BADAJOZ,G06000681,PS,SAN FRANCISCO,18,,06001,BADAJOZ,,ES,924214000,924214073,WWW.CAJABADAJOZ.ES,06,CAJA DE BADAJOZ,S,,10,M.P. Y CAJA GRAL. BADAJOZ,CAJA DE BADAJOZ,"PS. SAN FRANCISCO, 18"
CA,2430,"BILBAO BIZKAIA KUTXA,AURREZKI KUTXA ETA BAHITETXEA","BILBAO BIZKAIA KUTXA, AURREZKI KUTXA ETA BAHITETXEA",G48412720,,GRAN VIA D.DIEGO LOPEZ DE HARO,30,,48009,BILBAO,BIZKAIA,ES,944017000,944878225,WWW.BBK.ES,48,BBK,S,,16,BILBAO BIZKAIA KUTXA,BBK,"GRAN VIA D.DIEGO LOPEZ DE HARO, 30"
CA,2431,CAJA DE AHORROS Y M.P. DE GIPUZKOA Y SAN SEBASTIAN,CAJA DE AHORROS Y MONTE DE PIEDAD DE GIPUZKOA Y SAN SEBASTIAN,G20336251,CL,GARIBAY,15,,20004,SAN SEBASTIAN,GIPUZKOA,ES,943411000,943426006,WWW.KUTXA.ES,20,KUTXA,S,,16,CAJA AHORROS GIPUZKOA Y S.SEBASTIAN,KUTXA,"CL. GARIBAY, 15"
CA,2432,CAJA DE AHORROS DE VITORIA Y ALAVA,CAJA DE AHORROS DE VITORIA Y ALAVA- ARABA ETA GASTEIZKO AURREZKI KUTXA,G01104256,PS,BIOSFERA,6,,01013,VITORIA,ARABA/ÁLAVA,ES,945162000,945162028,WWW.CAJAVITAL.ES,01,CAJA VITAL,S,,16,CAJA DE AHORROS DE VITORIA Y ALAVA,CAJA VITAL,"PS. BIOSFERA, 6"
CC,3001,"CAJA R. DE ALMENDRALEJO, S.C.C.","CAJA RURAL DE ALMENDRALEJO, SOCIEDAD COOPERATIVA DE CREDITO",F06004816,PZ,DE SAN ANTONIO,S/N,,06200,ALMENDRALEJO,BADAJOZ,ES,924670371,924664311,WWW.CAJALMENDRALEJO.COM,06,,N,BCOEESMM01,10,"CAJA R. DE ALMENDRALEJO, S.C.C.",CR ALMENDRALEJO,"PZ. DE SAN ANTONIO, S/N"
CC,3008,"CAJA R. DE NAVARRA, S.C.C.","CAJA RURAL DE NAVARRA, S. COOP. DE CREDITO",F31021611,PZ,DE LOS FUEROS,1,,31003,PAMPLONA,NAVARRA,ES,948168100,948244557,WWW.RURALVIA.COM/NAVARRA,31,,N,BCOEESMM008,14,"CAJA R. DE NAVARRA, S.C.C.",C.R. DE NAVARRA,"PZ. DE LOS FUEROS, 1"
CC,3009,"CAJA R. DE EXTREMADURA, S.C.C.","CAJA RURAL DE EXTREMADURA, SOCIEDAD COOPERATIVA DE CREDITO",F06002661,AV,SANTA MARINA,15,,06005,BADAJOZ,,ES,924207474,924234023,WWW.CREXTREMADURA.COM,06,,N,BCOEESMM009,10,"CAJA R. DE EXTREMADURA, S.C.C.",C.R.EXTREMADURA,"AV. SANTA MARINA, 15"
CC,3016,"CAJA R. DE SALAMANCA, S.C.C.","CAJA RURAL DE SALAMANCA, SOCIEDAD COOPERATIVA DE CREDITO",F37015856,,PUERTA DE ZAMORA,2,,37005,SALAMANCA,,ES,923128600,923128615,WWW.CAJARURAL.COM/SALAMANCA,37,,N,BCOEESMM016,7,"CAJA R. DE SALAMANCA, S.C.C.",C.R. SALAMANCA,"PUERTA DE ZAMORA, 2"
CC,3017,"CAJA R. DE SORIA, S.C.C.","CAJA RURAL DE SORIA, SOCIEDAD COOPERATIVA DE CREDITO",F42001255,CL,DIPUTACION,1,,42002,SORIA,,ES,975212840,975228937,WWW.RURALVIA.COM/SORIA,42,CAJA SORIA,S,BCOEESMM017,7,"CAJA R. DE SORIA, S.C.C.",CAJA SORIA,"CL. DIPUTACION, 1"
CC,3020,"CAJA R. DE UTRERA, S.C.A.C.","CAJA RURAL DE UTRERA, SOCIEDAD COOPERATIVA ANDALUZA DE CREDITO",F41016544,PZ,ALTOZANO,22,,41710,UTRERA,SEVILLA,ES,954862233,954864610,WWW.CAJARURAL.COM/UTRERA,41,,N,BCOEESMM020,1,"CAJA R. DE UTRERA, S.C.A.C.",C.R. DE UTRERA,"PZ. ALTOZANO, 22"
CC,3023,"CAJA R. DE GRANADA, S.C.C.","CAJA RURAL DE GRANADA, SOCIEDAD COOPERATIVA DE CREDITO",F18009274,AV,DON BOSCO,2,,18006,GRANADA,,ES,958242400,958242424,E-RURALGRANADA.COM,18,,N,BCOEESMM023,1,"CAJA R. DE GRANADA, S.C.C.",C.R.DE GRANADA,"AV. DON BOSCO, 2"
CC,3029,"CAJA DE CREDITO DE PETREL, CAJA RURAL, C.C.V.","CAJA DE CREDITO DE PETREL, CAJA RURAL, COOPERATIVA DE CREDITO VALENCIANA",F03014982,CL,SAN BARTOLOME,2,,03610,PETRER,ALICANTE,ES,966952780,966952798,WWW.CAJARURAL.COM/RURALES/3029,03,CAIXAPETRER,S,CCRIES2A029,15,"CAJA DE CREDITO DE PETREL,C.R.,CCV",CAIXAPETRER,"CL. SAN BARTOLOME, 2"
CC,3059,"CAJA R. DE ASTURIAS, S.C.C.","CAJA RURAL DE ASTURIAS, SOCIEDAD COOPERATIVA DE CREDITO",F33007337,CL,MELQUIADES ALVAREZ,7,,33002,OVIEDO,ASTURIAS,ES,985220591,985227149,WWW.RURALVIA.COM/ASTURIAS/,33,,N,BCOEESMM059,3,"CAJA R. DE ASTURIAS, S.C.C.",C.R. ASTURIAS,"CL. MELQUIADES ALVAREZ, 7"
CC,3060,"C.R. BURGOS,FUENTEPELAYO,SEGOVIA Y CASTELLDANS,SCC","CAJA RURAL DE BURGOS, FUENTEPELAYO, SEGOVIA Y CASTELLDANS, SOCIEDAD COOPERATIVA DE CREDITO",F40248791,CL,LOS COCHES,2-4,,40002,SEGOVIA,,ES,947274400,947271683,,40,,N,BCOEESMM060,7,"C.R.BURGOS,FUENT.,SEGOV.Y CASTEL.SC","CR B,F,S,C,SCC","CL. LOS COCHES, 2-4"
CC,3067,"CAJA R. DE JAEN, BARCELONA Y MADRID, S.C.C.","CAJA RURAL DE JAEN, BARCELONA Y MADRID, SOCIEDAD COOPERATIVA DE CREDITO",F23009145,CL,"EL CONDADO, MANZANA 23",,PQ. C. TECNO. GEOLIT,23620,MENGIBAR,JAEN,ES,953210100,953265120,WWW.RURALVIA.COM/JAEN,23,,N,BCOEESMM067,1,"C.R. DE JAEN, BARNA Y MADRID, SCC",C.R. JAEN,"CL. EL CONDADO, MANZANA 23,  PQ. C. TECNO. GEOLIT"
CC,3070,"CAIXA R. GALEGA, S.C.C.L.G.","CAIXA RURAL GALEGA, SOCIEDAD COOPERATIVA DE CREDITO LIMITADA GALLEGA",F27005164,AV,MONTERO RIOS,24-26,,27002,LUGO,,ES,982280220,982280947,WWW.RURALVIA.COM/LUGO,27,,N,BCOEESMM070,11,"CAIXA R. GALEGA, S.C.C.L.G.",C.R. GALEGA,"AV. MONTERO RIOS, 24-26"
CC,3076,"CAJASIETE, CAJA RURAL, S.C.C.","CAJASIETE, CAJA RURAL, SOCIEDAD COOPERATIVA DE CREDITO",F38005245,AV,MANUEL HERMOSO ROJAS,8,,38003,STA. CRUZ DE TENERIFE,TENERIFE,ES,922608400,922608406,WWW.CAJASIETE.COM,38,CAJASIETE,S,BCOEESMM076,5,"CAJASIETE, CAJA RURAL, S.C.C.",CAJASIETE,"AV. MANUEL HERMOSO ROJAS, 8"
CC,3081,"CAJA R. DE CASTILLA-LA MANCHA, S.C.C.","CAJA RURAL DE CASTILLA-LA MANCHA, SOCIEDAD COOPERATIVA DE CREDITO",F45003993,CL,MEJICO,2,,45004,TOLEDO,,ES,925269600,925212951,WWW.CAJARURALCASTILLALAMANCHA.ES,45,,N,BCOEESMM081,8,"CAJA R. DE CASTILLA-LA MANCHA, SCC",CAJA R.CASTILLA,"CL. MEJICO, 2"
CC,3082,"CAJA R. DEL MEDITERRANEO, RURALCAJA, S.C.C.","CAJA RURAL DEL MEDITERRANEO, RURALCAJA, S. COOP. DE CREDITO",F46028064,PS,ALAMEDA,34,,46023,VALENCIA,,ES,963870800,963923703,WWW.RURALCAJA.ES,46,RURALCAJA,S,CCRIES2A082,15,"CAJA R. DEL MEDITERRANEO,SCC",RURALCAJA,"PS. ALAMEDA, 34"
CC,3089,CAJA R. BAENA NTRA. SRA. GUADALUPE S.C.C.A.,CAJA RURAL DE BAENA NTRA. SRA. DE GUADALUPE SOCIEDAD COOPERATIVA DE CREDITO ANDALUZA,F14016166,CL,DUQUE DE RIVAS,3,,14850,BAENA,CORDOBA,ES,957670772,957670749,WWW.RURALVIA.COM/BAENA/,14,,N,BCOEESMM089,1,"CAJA R. BAENA NTRA, SRA, GUADALUPE",C.R.BAENA,"CL. DUQUE DE RIVAS, 3"
CC,3095,CAJA R. S. ROQUE DE ALMENARA S.C.C.V.,CAJA RURAL SAN ROQUE DE ALMENARA S.COOP. DE CREDITO V.,F12013306,CL,DOCTOR BERENGUER,4,,12590,ALMENARA,CASTELLON,ES,962610054,962611103,WWW.RURALVIA.COM/ALMENARA,12,,N,CCRIES2A095,15,CAJA R. S. ROQUE DE ALMENARA SCCV,C.R. S.ROQUE,"CL. DOCTOR BERENGUER, 4"
CC,3096,"CAIXA R. DE L'ALCUDIA, S.C.V.C.","CAIXA RURAL DE L'ALCUDIA, SOCIEDAD COOPERATIVA VALENCIANA DE CREDITO",F46043790,AV,VERGE DE L'ORETO,2,,46250,L'ALCUDIA,VALENCIA,ES,962540166,962540427,,46,,N,BCOEESMM096,15,"CAIXA R. DE L'ALCUDIA, SCVC",C.R. L'ALCUDIA,"AV. VERGE DE L'ORETO, 2"
CC,3098,"CAJA R. NTRA. SRA. DEL ROSARIO, S.C.A.C.","CAJA RURAL NTRA. SRA. DEL ROSARIO, SOCIEDAD COOPERATIVA ANDALUZA DE CREDITO",F14011415,AV,ANDALUCIA,6,,14857,NUEVA CARTEYA,CORDOBA,ES,957678228,957678054,WWW.RURALVIA.COM/CARTEYA/,14,,N,BCOEESMM098,1,"CAJA R. NTRA. SRA. DEL ROSARIO,SCAC",N.S.DEL ROSARIO,"AV. ANDALUCIA, 6"
CC,3102,"CAIXA R. S. VICENT FERRER DE LA VALL D'UIXO,C.C.V.","CAIXA RURAL SANT VICENT FERRER DE LA VALL D'UIXO, COOP. DE CREDIT V.",F12014221,PZ,CENTRO,4,,12600,VALL DE UXO,CASTELLON,ES,964663012,964661988,WWW.RURALVIA.COM/SANTVICENT,12,C. SANT VICENT,S,BCOEESMM102,15,CAIXA R. S. VICENT FERRER,C. SANT VICENT,"PZ. CENTRO, 4"
CC,3104,"CAJA R. DE CAÑETE TORRES NTRA.SRA.DEL CAMPO,S.C.A.",CAJA RURAL DE CAÑETE DE LAS TORRES NTRA.SRA.DEL CAMPO SOCIEDAD COOPERATIVA ANDALUZA DE CREDITO,F14011407,CL,MOLINO,2,,14660,CAÑETE DE LAS TORRES,CORDOBA,ES,957183031,957183031,,14,C.R.CAÑETE,S,BCOEESMM104,1,"C.R.CAÑETE TORRES N.SRA.CAMPO,SCA",C.R.CAÑETE,"CL. MOLINO, 2"
CC,3119,CAJA R. S. JAIME ALQUERIAS NIÑO PERDIDO S.C.C.V.,CAJA RURAL SAN JAIME DE ALQUERIAS NIÑO PERDIDO S. COOP. DE CREDITO V.,F12013298,CL,JAIME CHICHARRO,24,,12539,ALQUERIAS NIÑO PERDIDO,CASTELLON,ES,964591717,964516001,,12,,N,CCRIES2A119,15,CAJA R. S. JAIME ALQUERIAS SCCV,C.R. S. JAIME,"CL. JAIME CHICHARRO, 24"
CC,3121,"CAJA R. DE CHESTE, S.C.C.","CAJA RURAL DE CHESTE, SOCIEDAD COOPERATIVA DE CREDITO",F46025433,PZ,DOCTOR CAJAL,2,,46380,CHESTE,VALENCIA,ES,962515502,962515646,WWW.RURALVIA.COM/CHESTE,46,,N,CCRIES2A121,15,"CAJA R. DE CHESTE, S.C.C.",C.R. DE CHESTE,"PZ. DOCTOR CAJAL, 2"
CC,3135,CAJA R. S. JOSE DE NULES S.C.C.V.,CAJA RURAL SAN JOSE DE NULES S. COOP. DE CREDITO V.,F12013140,CL,MAYOR,66,,12520,NULES,CASTELLON,ES,964656065,964673809,WWW.RURALVIA.COM/NULES,12,,N,CCRIES2A135,15,CAJA R. S. JOSE DE NULES SCCV,SAN JOSE NULES,"CL. MAYOR, 66"
CC,3137,CAJA R. DE CASINOS S.C.C.V.,CAJA RURAL DE CASINOS S. COOP. DE CREDITO V.,F46043808,PZ,MAYOR,10,,46171,CASINOS,VALENCIA,ES,962700008,962700436,,46,,N,CCRIES2A137,15,CAJA R. DE CASINOS S.C.C.V.,C.R. DE CASINOS,"PZ. MAYOR, 10"
CC,3144,"CAJA R. DE VILLAMALEA, S.C.C.A. CASTILLA-LA MANCHA","CAJA RURAL DE VILLAMALEA, S. COOP. DE CREDITO AGRARIO DE CASTILLA-LA MANCHA",F02004299,PZ,DE LA CONCEPCION,1,,02270,VILLAMALEA,ALBACETE,ES,967483026,967483672,WWW.RURALVIA.COM/VILLAMALEA,02,,N,BCOEESMM144,8,"CAJA R. DE VILLAMALEA, S.C.C.A.",C.R. VILLAMALEA,"PZ. DE LA CONCEPCION, 1"
CC,3166,"CAIXA RURAL LES COVES DE VINROMA, S.C.C.V.","CAIXA RURAL LES COVES DE VINROMA, S. COOP. DE CREDIT V.",F12013363,CL,SAN ANTONIO,27,,12185,LES COVES DE VINROMA,CASTELLON,ES,964426050,964426299,,12,,N,BCOEESMM166,15,"C.R. LES COVES DE VINROMA, S.C.C.V.",CR COVES VINROM,"CL. SAN ANTONIO, 27"
CC,3174,"CAIXA R. VINAROS, S.C.C.V.","CAIXA RURAL VINAROS, S. COOP. DE CREDIT. V.",F12013249,CL,SAN CRISTOBAL,19,,12500,VINAROS,CASTELLON,ES,964407280,964407281,WWW.RURALVIA.COM,12,CAIXA VINAROS,S,BCOEESMM174,15,"CAIXA R. VINAROS, S.C.C.V.",CAIXA VINAROS,"CL. SAN CRISTOBAL, 19"
CC,3177,"CAJA R. DE CANARIAS, S.C.C.","CAJA RURAL DE CANARIAS, SOCIEDAD COOPERATIVA DE CREDITO",F35040278,CL,NICOLAS ESTEVANEZ,21,PL. 1 - ED. CENTRAL,35007,LAS PALMAS DE GRAN CANARIA,LAS PALMAS,ES,928277000,928272363,WWW.RURALCANARIAS.COM,35,,N,BCOEESMM177,5,"CAJA R. DE CANARIAS, S.C.C.",CR.CANARIAS,"CL. NICOLAS ESTEVANEZ, 21 PL. 1 - ED. CENTRAL"
CC,3179,"CAJA R. DE ALGINET, S.C.C.V.","CAJA RURAL DE ALGINET, SOCIEDAD COOPERATIVA CREDITO VALENCIANA",F46163598,CL,VALENCIA,13,,46230,ALGINET,VALENCIA,ES,961750400,961750433,WWW.RURALVIA.COM,46,,N,CCRIES2A179,15,"CAJA R. DE ALGINET, S.C.C.V.",C.R. DE ALGINET,"CL. VALENCIA, 13"
CC,3187,"CAJA R. DEL SUR, S. COOP. DE CREDITO","CAJA RURAL DEL SUR, S. COOP. DE CREDITO",F91119065,CL,MURILLO,2,,41001,SEVILLA,,ES,954599100,954228160,WWW.RURALVIA.COM/CRDELSUR,41,,N,BCOEESMM187,1,"CAJA R. DEL SUR, S. COOP. CREDITO",CAJA R. SUR,"CL. MURILLO, 2"
CC,3188,"CREDIT VALENCIA, C.R.C.C.V.","CREDIT VALENCIA, CAJA RURAL COOPERATIVA DE CREDITO VALENCIANA",F97086805,CL,SANTA MARIA MICAELA,6,,46008,VALENCIA,,ES,963354930,963732954,,46,,N,CCRIES2A188,15,"CREDIT VALENCIA, C.R.C.C.V.",CREDIT VALENCIA,"CL. SANTA MARIA MICAELA, 6"
CC,3190,"C.R. DE ALBACETE, CIUDAD REAL Y CUENCA, S.C.C.","CAJA RURAL DE ALBACETE, CIUDAD REAL Y CUENCA, SOCIEDAD COOPERATIVA DE CREDITO",F45755220,CL,BERNA,1,,45003,TOLEDO,,ES,925504224,925504275,WWW.GLOBALCAJA.ES,45,GLOBALCAJA,S,BCOEESMM190,8,"C.R. ALBACETE, C. REAL Y CUENCA,SCC",GLOBALCAJA,"CL. BERNA, 1"
CC,3498,"CAJAS RURALES UNIDAS, S. COOP. DE CREDITO","CAJAS RURALES UNIDAS, SOCIEDAD COOPERATIVA DE CREDITO",F04743175,PZ,DE BARCELONA,5,,04006,ALMERIA,,ES,0,0,,04,,N,,1,"CAJAS RURALES UNIDAS, S.C.C.",C.R. UNIDAS,"PZ. DE BARCELONA, 5"
EFC,4709,"ING LEASE (ESPAÑA), E.F.C., S.A.","ING LEASE (ESPAÑA), E.F.C., S.A.",A08350225,AV,DIAGONAL,605,PL. 9,08028,BARCELONA,,ES,934949330,934305380,,08,,N,,9,"ING LEASE (ESPAÑA), E.F.C., S.A.",ING LEASE EFC,"AV. DIAGONAL, 605 PL. 9"
EFC,4837,"MADRID LEASING CORPORACION, S.A., E.F.C.","MADRID LEASING CORPORACION, S.A., ESTABLECIMIENTO FINANCIERO DE CREDITO",A79419107,CL,DOCTOR ESQUERDO,138,,28007,MADRID,,ES,914235159,914235341,WWW.MADRIDLEASING.ES,28,,N,,12,"MADRID LEASING CORPORACION, S.A.",MADRID LEASING,"CL. DOCTOR ESQUERDO, 138"
EFC,8221,"CORPORACION HIPOTECARIA MUTUAL, S.A., E.F.C.","CORPORACION HIPOTECARIA MUTUAL, SOCIEDAD ANONIMA, ESTABLECIMIENTO FINANCIERO DE CREDITO",A58353418,AV,DIAGONAL,611,,08028,BARCELONA,,ES,934873315,934875063,,08,,N,,9,CORPORACION HIPOTECARIA MUTUAL,CORP.HIP.MUTUAL,"AV. DIAGONAL, 611"
EFC,8234,A.I.G. FINANZAS S.A. E.F.C.,"A.I.G. FINANZAS, SOCIEDAD ANONIMA ESTABLECIMIENTO FINANCIERO DE CREDITO",A79281713,PS,DE LA CASTELLANA,31,,28046,MADRID,,ES,913797920,913555480,,28,,N,,12,A.I.G. FINANZAS S.A. E.F.C.,A.I.G. FINANZAS,"PS. DE LA CASTELLANA, 31"
EFC,8235,"BILBAO HIPOTECARIA, S.A., E.F.C.","BILBAO HIPOTECARIA, S.A., ESTABLECIMIENTO FINANCIERO DE CREDITO",A48409023,PS,PUERTO,20,,48992,NEGURI - GETXO,BIZKAIA,ES,944898383,944898382,,48,,N,,16,"BILBAO HIPOTECARIA, S.A., E.F.C.",BILBAO HIPOTEC.,"PS. PUERTO, 20"
EFC,8236,"SANTANDER CONSUMER, E.F.C., S.A.","SANTANDER CONSUMER, ESTABLECIMIENTO FINANCIERO DE CREDITO, S.A.",A79082244,AV,DE CANTABRIA,S/N,CIUDAD GR. SANTANDER,28660,BOADILLA DEL MONTE,MADRID,ES,902112211,912571288,WWW.SANTANDERCONSUMER.ES,28,,N,,12,"SANTANDER CONSUMER, E.F.C., S.A.",SANTANDER CONSU,"AV. DE CANTABRIA, S/N CIUDAD GR. SANTANDER"
EFC,8307,"VOLKSWAGEN FINANCE S.A., E.F.C.","VOLKSWAGEN FINANCE S.A., ESTABLECIMIENTO FINANCIERO DE CREDITO",A28191211,AV,DE BRUSELAS,34,,28108,ALCOBENDAS,MADRID,ES,914535100,914535148,,28,,N,,12,"VOLKSWAGEN FINANCE S.A., E.F.C.",VOLKSWA FINANCE,"AV. DE BRUSELAS, 34"
EFC,8321,"ENTRE2 SERVICIOS FINANCIEROS, E.F.C., S.A.","ENTRE2 SERVICIOS FINANCIEROS, ESTABLECIMIENTO FINANCIERO DE CREDITO, S.A.",A48055578,CL,JULIAN CAMARILLO,4,,28037,MADRID,,ES,913743916,913743076,,28,,N,,12,"ENTRE2 SERVI. FINANCI., E.F.C., S.A","ENTRE2, EFC","CL. JULIAN CAMARILLO, 4"
EFC,8342,"LUZARO E.F.C., S.A.","LUZARO ESTABLECIMIENTO FINANCIERO DE CREDITO, SOCIEDAD ANONIMA",A48050728,AV,LIBERTAD,10,PL. 7,20004,SAN SEBASTIAN,GIPUZKOA,ES,943420108,943427698,,20,,N,,16,"LUZARO E.F.C., S.A.",LUZARO,"AV. LIBERTAD, 10 PL. 7"
EFC,8512,"UNION DE CREDITOS INMOBILIARIOS, S.A., E.F.C.","UNION DE CREDITOS INMOBILIARIOS, S.A., ESTABLECIMIENTO FINANCIERO DE CREDITO",A39025515,CL,RETAMA,3,,28045,MADRID,,ES,913373700,913373738,WWW.UCI.COM,28,,N,UCINESMMXXX,12,UNION CREDITOS INMOBILIARIOS,"U.C.I., SA, EFC","CL. RETAMA, 3"
EFC,8769,"UNION FINANCIERA ASTURIANA, S.A., E.F.C.","UNION FINANCIERA ASTURIANA, S.A., ESTABLECIMIENTO FINANCIERO DE CREDITO",A33053984,CL,ARQUITECTO REGUERA,3,ENTRESUELO A,33004,OVIEDO,ASTURIAS,ES,985277427,985233030,,33,,N,,3,"UNION FINANCIERA ASTURIANA, S.A.",ASTURIANA,"CL. ARQUITECTO REGUERA, 3 ENTRESUELO A"
EFC,8793,"FINANMADRID, S.A., E.F.C.","FINANMADRID, S.A., ESTABLECIMIENTO FINANCIERO DE CREDITO",A79412771,CL,DOCTOR ESQUERDO,138,,28007,MADRID,,ES,917796802,915812731,WWW.FINANMADRID.ES,28,,N,,12,"FINANMADRID, S.A., E.F.C.",FINANMADRID,"CL. DOCTOR ESQUERDO, 138"
EFC,8804,"COFIBER FINANCIERA, E.F.C., S.A.","COFIBER FINANCIERA, ESTABLECIMIENTO FINANCIERO DE CREDITO, SOCIEDAD ANONIMA",A79352274,CL,ANTONIO MAURA,4,,28014,MADRID,,ES,915320600,915326516,,28,,N,,12,"COFIBER FINANCIERA, E.F.C., S.A.",COFIBER,"CL. ANTONIO MAURA, 4"
EFC,8805,"FINANCIERA EL CORTE INGLES E.F.C., S.A.","FINANCIERA EL CORTE INGLES E.F.C., S.A.",A81322448,CL,HERMOSILLA,112,,28009,MADRID,,ES,914018500,914013385,WWW.ELCORTEINGLES.ES,28,,N,,12,FINANCIERA EL CORTE INGLES E.F.C.,EL CORTE INGLES,"CL. HERMOSILLA, 112"
EFC,8806,"VFS FINANCIAL SERVICES SPAIN E.F.C., S.A.","VFS FINANCIAL SERVICES SPAIN, E.F.C., S.A.",A81501157,CL,PROCION,1-3,URB. LA FLORIDA,28023,MADRID,,ES,913727800,913728203,,28,,N,,12,"VFS FINANCIAL SERV. E.F.C., S.A.",VFS FINANCIAL,"CL. PROCION, 1-3 URB. LA FLORIDA"
EFC,8811,"GRUPO DE SERVICIOS HIPOTECARIOS ON-LINE, EFC, SA","GRUPO DE SERVICIOS HIPOTECARIOS ON-LINE, E.F.C., S.A.",A20728986,CL,PORTUETXE,10,,20009,SAN SEBASTIAN,GIPUZKOA,ES,943411071,943411259,,20,GSH ON-LINE,S,,16,"GRUPO SERV. HIP. ON-LINE, EFC, SA",GSH ON-LINE,"CL. PORTUETXE, 10"
EFC,8814,"ACCORDFIN ESPAÑA, E.F.C., S.A.","ACCORDFIN ESPAÑA, ESTABLECIMIENTO FINANCIERO DE CREDITO, S.A.",A83113324,CL,VIA DE LOS POBLADOS,1,"PL. 2, EDIFICIO A/B",28033,MADRID,MADRID,ES,914845823,915665555,,28,,N,,12,"ACCORDFIN ESPAÑA, E.F.C., S.A.",ACCORDFIN,"CL. VIA DE LOS POBLADOS, 1 PL. 2, EDIFICIO A/B"
EFC,8824,"CAMGE FINANCIERA, E.F.C., S.A.","CAMGE FINANCIERA, E.F.C., S.A.",A53965695,RB,MENDEZ NUÑEZ,15,PL. 3,03002,ALICANTE,,ES,965987250,965987279,,03,,N,,15,"CAMGE FINANCIERA, EFC, SA",CAMGE,"RB. MENDEZ NUÑEZ, 15 PL. 3"
EFC,8828,"IOS FINANCE E.F.C., S.A.","IOS FINANCE E.F.C., S.A.",A64512759,CL,MANILA,57,BAJO PTA. B,08034,BARCELONA,,ES,935114025,935114028,,08,,N,,9,"IOS FINANCE E.F.C., S.A.",IOS FINANCE,"CL. MANILA, 57 BAJO PTA. B"
EFC,8830,"BBKGE KREDIT E.F.C., S.A.","BBKGE KREDIT E.F.C., S.A.",A95484994,PZ,"EUSKADI, 5, PL. 27, LOCAL 1",,TORRE IBERDROLA,48009,BILBAO,BIZKAIA,ES,944050121,944050116,,48,,N,,16,"BBKGE KREDIT EFC, SA",BBKGE,"PZ. EUSKADI, 5, PL. 27, LOCAL 1,  TORRE IBERDROLA"
EFC,8832,"BANKINTER CONSUMER FINANCE, E.F.C., S.A.","BANKINTER CONSUMER FINANCE, E.F.C., S.A.",A82650672,AV,DE BRUSELAS,12,ARROYO DE LA VEGA,28108,ALCOBENDAS,MADRID,ES,914903910,916234486,WWW.OBSIDIANA.COM,28,,N,,12,"BANKINTER CONSUMER FINANCE, EFC, SA",BANKINTER C.EFC,"AV. DE BRUSELAS, 12 ARROYO DE LA VEGA"
EFC,8833,"SG EQUIPMENT FINANCE IBERIA, E.F.C., S.A.","SG EQUIPMENT FINANCE IBERIA, E.F.C., S.A.",A86106838,CL,CALERUEGA,81,"PL. 6, PTA. A",28033,MADRID,,ES,913834340,917670919,,28,,N,,12,"SG EQUIPMENT FINANCE IBERIA,EFC,SA",SGEFI,"CL. CALERUEGA, 81 PL. 6, PTA. A"
EFC,8834,"AVANT TARJETA, E.F.C., S.A.","AVANT TARJETA, ESTABLECIMIENTO FINANCIERO DE CREDITO, S.A.",A86373701,CL,JOSE ECHEGARAY,6,,28232,LAS ROZAS,MADRID,ES,913534703,913532141,,28,,N,,12,"AVANT TARJETA, E.F.C., S.A.",AVANT TARJETA,"CL. JOSE ECHEGARAY, 6"
EFC,8835,"SANTANDER BRASIL, E.F.C., S.A.","SANTANDER BRASIL, ESTABLECIMIENTO FINANCIERO DE CREDITO, S.A.",A86426335,AV,DE CANTABRIA,S/N,CIUDAD GR. SANTANDER,28660,BOADILLA DEL MONTE,MADRID,ES,0,0,,28,,N,SBFCESMMXXX,12,"SANTANDER BRASIL, E.F.C., S.A.",SANTANDERBRASIL,"AV. DE CANTABRIA, S/N CIUDAD GR. SANTANDER"
EFC,8903,"POPULAR DE FACTORING, S.A., E.F.C.","POPULAR DE FACTORING, SOCIEDAD ANONIMA, ESTABLECIMIENTO FINANCIERO DE CREDITO",A08198103,CL,LABASTIDA,11,PL. 2,28034,MADRID,,ES,914118321,915903685,WWW.POPULARDEFACTORING.ES,28,,N,,12,"POPULAR DE FACTORING, S.A., E.F.C.",POPULAR FACT.,"CL. LABASTIDA, 11 PL. 2"
EFC,8905,"BARCLAYS FACTORING, S.A., E.F.C.","BARCLAYS FACTORING, S.A., ESTABLECIMIENTO FINANCIERO DE CREDITO",A78063690,PS,CASTELLANA,89,,28046,MADRID,,ES,915562804,915552241,,28,BARCLAYS,S,,12,"BARCLAYS FACTORING,SA,EFC",BARCLAYS,"PS. CASTELLANA, 89"
SECC,0144,"BNP PARIBAS SECURITIES SERVICES, S.E.","BNP PARIBAS SECURITIES SERVICES, SUCURSAL EN ESPAÑA",W0012958E,CL,RIBERA DEL LOIRA,28,PL. 3,28042,MADRID,,FR,913888747,913888788,,28,,N,PARBESMXXXX,12,"BNP PARIBAS SECURITIES SERVICES, SE",BNP PARIB.SEC,"CL. RIBERA DEL LOIRA, 28 PL. 3"
SECC,0154,"CREDIT AGRICOLE CORPORATE AND INVESTMENT BANK,S.E.","CREDIT AGRICOLE CORPORATE AND INVESTMENT BANK, SUCURSAL EN ESPAÑA",N0011043G,PS,DE LA CASTELLANA,1,,28046,MADRID,,FR,914327200,914327500,,28,,N,BSUIESMMXXX,12,"CREDIT AGRIC.CORP.INVEST. BANK, S.E",CREDIT AGRICOLE,"PS. DE LA CASTELLANA, 1"
SECC,1451,"CAISSE REGIONALE CREDIT AGRICOLE MUTUEL SUD MED,SE","CAISSE REGIONALE DE CREDIT AGRICOLE MUTUEL SUD MEDITERRANEE (ARIEGE ET PYRENEES ORIENTALES), S.E.",W0011887G,CL,CORCEGA,301,,08008,BARCELONA,,FR,932179900,932375309,,08,,N,CRCGESB1XXX,9,CAISSE REG.CREDIT AGRICOLE MUTUEL,CREDIT SUDMED,"CL. CORCEGA, 301"
SECC,1457,"DE LAGE LANDEN INTERNATIONAL B.V., S.E.","DE LAGE LANDEN INTERNATIONAL B.V., SUCURSAL EN ESPAÑA",W0031602F,CL,JOSE BARDASANO BAOS,9,"PL. 5, EDIF.GORBEA 3",28016,MADRID,,NL,913846600,913848169,,28,,N,LLISESM1XXX,12,"DE LAGE LANDEN INTERNATIONAL BV,SE",LAGE LANDEN INT,"CL. JOSE BARDASANO BAOS, 9 PL. 5, EDIF.GORBEA 3"
SECC,1465,"ING DIRECT, N.V. S.E.","ING DIRECT, N.V. SUCURSAL EN ESPAÑA",W0032177H,CL,SEVERO OCHOA,2,P.E.MADRID-LAS ROZAS,28230,LAS ROZAS,MADRID,NL,916349200,916349231,WWW.INGDIRECT.ES,28,,N,INGDESMMXXX,12,"ING DIRECT, N.V. S.E.",ING DIRECT,"CL. SEVERO OCHOA, 2 P.E.MADRID-LAS ROZAS"
SECC,1472,"CREDIT AGRICOLE LEASING & FACTORING, S.E.","CREDIT AGRICOLE LEASING & FACTORING, SUCURSAL EN ESPAÑA",W0012760E,PS,DE LA CASTELLANA,1,BAJO,28046,MADRID,,FR,917820210,917820211,,28,CA-LEASING,S,UCSSESM1XXX,12,CREDIT AGRICOLE LEASING & FACTORING,CA-LEASING,"PS. DE LA CASTELLANA, 1 BAJO"
SECC,1473,"BANQUE PRIVEE EDMOND DE ROTHSCHILD EUROPE, S.E","BANQUE PRIVEE EDMOND DE ROTHSCHILD EUROPE, SUCURSAL EN ESPAÑA",W1081034I,PS,DE LA CASTELLANA,55,,28046,MADRID,,LU,913646600,913646663,,28,,N,PRIBESMXXXX,12,BANQUE PRIVEE EDMOND ROTHSCHILD EUR,EDMOND ROTHSCHI,"PS. DE LA CASTELLANA, 55"
SECC,1474,"CITIBANK INTERNATIONAL PLC, S.E.","CITIBANK INTERNATIONAL PLC, SUCURSAL EN ESPAÑA",W0066134H,CL,JOSE ORTEGA Y GASSET,29,EDIFICIO BEATRIZ,28006,MADRID,,GB,915384100,915784412,,28,,N,CITIESMXXXX,12,"CITIBANK INTERNATIONAL PLC, S.E.",CITIBANK INTER.,"CL. JOSE ORTEGA Y GASSET, 29 EDIFICIO BEATRIZ"
SECC,1482,"JOHN DEERE BANK, S.A., S.E.","JOHN DEERE BANK, S.A., SUCURSAL EN ESPAÑA",N1181021E,,BULEVAR JOHN DEERE,2,,28984,PARLA,MADRID,LU,916009558,916009516,,28,,N,,12,"JOHN DEERE BANK, S.A., S.E.",JOHN DEERE,"BULEVAR JOHN DEERE, 2"
SECC,1483,"BANK OF SCOTLAND, S.E.","BANK OF SCOTLAND, SUCURSAL EN ESPAÑA",W0066568G,PS,DE LA CASTELLANA,52,PL. 3,28046,MADRID,,GB,917454150,917454151,,28,,N,,12,"BANK OF SCOTLAND, S.E.",BANK SCOTLAND,"PS. DE LA CASTELLANA, 52 PL. 3"
SECC,1487,"TOYOTA KREDITBANK GMBH, S.E.","TOYOTA KREDITBANK GMBH, SUCURSAL EN ESPAÑA",W0043045D,AV,DE BRUSELAS,22,ARROYO DE LA VEGA,28108,ALCOBENDAS,MADRID,DE,911513400,915860341,,28,,N,,12,"TOYOTA KREDITBANK GMBH, S.E.",TOYOTA,"AV. DE BRUSELAS, 22 ARROYO DE LA VEGA"
SECC,1488,"PICTET & CIE (EUROPE), S.A., S.E.","PICTET & CIE (EUROPE), S.A., SUCURSAL EN ESPAÑA",W0032377D,CL,HERMOSILLA,11,,28001,MADRID,,LU,915382500,915783954,,28,,N,PICTESMMXXX,12,"PICTET & CIE (EUROPE), S.A., S.E.",PICTET & CIE,"CL. HERMOSILLA, 11"
SECC,1491,"TRIODOS BANK, N.V., S.E.","TRIODOS BANK, N.V., S.E.",W0032597G,CL,JOSE ECHEGARAY,5,PQ. EMP.LAS ROZAS,28230,LAS ROZAS,MADRID,NL,916404684,916405444,WWW.TRIODOS.ES,28,,N,TRIOESMMXXX,12,"TRIODOS BANK, N.V., S.E.",TRIODOS BANK,"CL. JOSE ECHEGARAY, 5 PQ. EMP.LAS ROZAS"
SECC,1492,"BNP PARIBAS LEASE GROUP, S.A. S.E.",BNP PARIBAS LEASE GROUP S.A. SUCURSAL EN ESPAÑA,W0013547E,CL,RETAMA,3,,28045,MADRID,,FR,914682048,915273975,,28,BNP PARIBAS,S,,12,"BNP PARIBAS LEASE GROUP, S.A. S.E.",BNP PARIBAS,"CL. RETAMA, 3"
SECC,1493,"CAIXA BANCO DE INVESTIMENTO, S.A., S.E.","CAIXA BANCO DE INVESTIMENTO, S.A. SUCURSAL EN ESPAÑA",W0101947J,PS,DE LA CASTELLANA,21,PL. 1 IZDA.,28046,MADRID,,PT,917450540,915639559,,28,,N,,12,"CAIXA BANCO DE INVESTIMENTO,SA, SE",CAIXABI,"PS. DE LA CASTELLANA, 21 PL. 1 IZDA."
SECC,1496,"GENEFIM, S.E.","GENEFIM, SUCURSAL EN ESPAÑA",W0011685E,PZ,PABLO RUIZ PICASSO,1,TORRE PICASSO,28020,MADRID,,FR,915893967,915893976,,28,,N,,12,"GENEFIM, S.E.",GENEFIM,"PZ. PABLO RUIZ PICASSO, 1 TORRE PICASSO"
SECC,1501,"DEUTSCHE PFANDBRIEFBANK AG, S.E.","DEUTSCHE PFANDBRIEFBANK AG, SUCURSAL EN ESPAÑA",W0046318B,CL,MONTESQUINZA,30,PL. 4,28010,MADRID,,DE,913493200,913493320,,28,,N,,12,"DEUTSCHE PFANDBRIEFBANK AG, S.E.",DEUTSCHE PFANDB,"CL. MONTESQUINZA, 30 PL. 4"
SECC,1502,"IKB DEUTSCHE INDUSTRIEBANK AG, S.E.","IKB DEUTSCHE INDUSTRIEBANK AG, SUCURSAL EN ESPAÑA",W0044204F,PS,DE LA CASTELLANA,9-11,,28046,MADRID,,DE,917001063,917001463,,28,,N,IKBDESM1XXX,12,"IKB DEUTSCHE INDUSTRIEBANK AG, S.E.",IKB DEUTSCHE,"PS. DE LA CASTELLANA, 9-11"
SECC,1521,"BINCKBANK NV, S.E.","BINCKBANK NV, SUCURSAL EN ESPAÑA",W0034369I,CR,"DE CADIZ KM. 178'7, LOCAL 15",,UR. MARBELLA REAL,29602,MARBELLA,MALAGA,NL,952924011,952924398,,29,,N,,1,"BINCKBANK NV, S.E.",BINCKBANK,"CR. DE CADIZ KM. 178'7, LOCAL 15,  UR. MARBELLA REAL"
